id,first_name,last_name,email,gender,race,shirt size,University
1,Debora,McCreary,dmccreary0@walmart.com,Female,Pueblo,XS,"Fine Arts Academy ""Jan Matejko"" in Cracow"
2,Ermin,Flatman,eflatman1@cbsnews.com,Genderfluid,Filipino,XL,Wartburg College
3,Andros,Blind,ablind2@cisco.com,Male,Yuman,S,Instituto Tecnológico Metropolitano
4,Petr,Heinle,pheinle3@narod.ru,Male,Yaqui,S,Ecole Polytechnique Universitaire de Lille
5,Jessica,Straw,jstraw4@paginegialle.it,Female,Pima,M,Chongqing Medical University
6,Carlyle,Acheson,cacheson5@addthis.com,Male,Ute,L,Université de La Rochelle
7,Orelee,Giacopetti,ogiacopetti6@state.tx.us,Female,Ute,2XL,University of Mississippi
8,Sigfrid,Gillean,sgillean7@sciencedirect.com,Male,Indonesian,XS,Institute of Information Technology
9,Rorie,Lawey,rlawey8@phpbb.com,Female,Aleut,L,Sinnar University
10,Link,Whichelow,lwhichelow9@google.com.br,Male,Navajo,L,Huston-Tillotson College
11,Elaine,Burditt,eburditta@mtv.com,Female,Vietnamese,L,Massachusetts School of Professional Psychology
12,Tynan,Penhallurick,tpenhallurickb@addtoany.com,Male,Iroquois,XS,Technical University of Warsaw
13,Donnie,MacAllan,dmacallanc@google.com.au,Male,Chippewa,2XL,Millersville University of Pennsylvania
14,Freedman,Rait,fraitd@amazon.co.uk,Male,Peruvian,M,University of Stavanger
15,Goraud,Fellona,gfellonae@ibm.com,Male,Cambodian,2XL,Instituto Superior de Paços de Brandão
16,Lacey,Tulip,ltulipf@wikimedia.org,Female,Thai,3XL,Technological Education Institute of Kavala
17,Claire,Votier,cvotierg@mlb.com,Male,Guatemalan,L,College of William and Mary
18,Janel,Stanlick,jstanlickh@house.gov,Female,Korean,2XL,Isfahan University
19,Henrieta,Shitliff,hshitliffi@myspace.com,Female,Comanche,2XL,University of Central Punjab
20,Madelaine,Greatham,mgreathamj@wix.com,Female,Spaniard,S,Al Hussein Bin Talal University
21,Myrlene,Whelpton,mwhelptonk@vk.com,Female,White,L,University of Sri Jayawardenapura
22,Collete,Mohammad,cmohammadl@wsj.com,Female,American Indian and Alaska Native (AIAN),M,Lipscomb University
23,Bonita,Fabbri,bfabbrim@usatoday.com,Non-binary,Alaska Native,M,Ecole Normale Supérieure de Paris
24,Eli,Dobrowski,edobrowskin@cafepress.com,Male,Japanese,L,Fern-Fachhochschule Hamburg
25,Addison,O'Kinneally,aokinneallyo@nature.com,Male,Spaniard,L,MGH Institute of Health Professions
26,Birgit,Rosenzveig,brosenzveigp@ovh.net,Female,Delaware,M,Zimbabwe Ezekiel Guti University
27,Vasilis,Surgenor,vsurgenorq@de.vu,Male,Navajo,XL,Taurida National V.I.Vernadsky University
28,Tadeas,Mallows,tmallowsr@alexa.com,Male,White,3XL,İstanbul Şehir University
29,Stinky,Geffe,sgeffes@1688.com,Male,Paiute,M,Universidad Experimental Felix Adam
30,Claude,Vynoll,cvynollt@purevolume.com,Female,Argentinian,XS,Sri Ramachardra Medical College and Research Institute
31,Sherwood,Schorah,sschorahu@rakuten.co.jp,Agender,Chinese,S,Universidad Católica de Santa Fé
32,Bathsheba,Shotboulte,bshotboultev@ucsd.edu,Non-binary,Tlingit-Haida,S,University of Agriculture and Veterinary Medicine Cluj-Napoca
33,Otis,Farrants,ofarrantsw@ucoz.com,Male,Blackfeet,L,"Music Academy ""Fryderyk Chopin"" in Warszaw"
34,Kimberlee,Slixby,kslixbyx@godaddy.com,Agender,Panamanian,2XL,Universidade Federal de Mato Grosso do Sul
35,Maurene,Fennell,mfennelly@accuweather.com,Female,Potawatomi,XL,National Kaohsiung First University of Science and Technology
36,Bree,Uccelli,buccelliz@netscape.com,Female,Uruguayan,S,Sang Myung University
37,Marlow,Orrin,morrin10@plala.or.jp,Male,Nicaraguan,XL,Indiana Institute of Technologyy
38,Fax,Nardoni,fnardoni11@exblog.jp,Male,Seminole,L,University of Greenwich
39,Blythe,Mustill,bmustill12@businessinsider.com,Female,Fijian,XS,Southwestern Christian College
40,Davide,Bramley,dbramley13@who.int,Male,Cuban,L,University Of Dubai
41,Chris,Elwel,celwel14@smh.com.au,Male,Filipino,M,Universidad Evangélica de El Salvador
42,Gerhard,Hagerty,ghagerty15@bloomberg.com,Male,Spaniard,XS,Universidad Autónoma del Estado de Hidalgo
43,Ashley,Chancellor,achancellor16@github.io,Agender,Black or African American,S,University of Wisconsin - Whitewater
44,Lanette,Loach,lloach17@goo.gl,Female,Tongan,3XL,University of Adelaide
45,Caril,Rigg,crigg18@studiopress.com,Female,Iroquois,2XL,Newschool of Architecture and Design
46,Suzy,Jiggens,sjiggens19@marketwatch.com,Non-binary,Yaqui,S,Spring Arbor College
47,Fergus,De Meis,fdemeis1a@fda.gov,Male,Chippewa,XL,Dr. YS Parmar University of Horticulture and Forestry
48,Stirling,Motten,smotten1b@shareasale.com,Male,Melanesian,2XL,MacMurray College
49,Gerry,O'Loughlin,goloughlin1c@jugem.jp,Male,Chilean,M,University of Mississippi Medical Center
50,Eudora,Weedenburg,eweedenburg1d@zdnet.com,Female,American Indian and Alaska Native (AIAN),XL,Universidad de Flores - Buenos Aires
51,Lisbeth,Brumhead,lbrumhead1e@newyorker.com,Female,Yakama,S,Maharshi Dayanand Sarswati University Ajmer
52,Bev,O'Heyne,boheyne1f@unicef.org,Female,Guatemalan,XL,Johnson & Wales University
53,Robers,MacGaughy,rmacgaughy1g@dion.ne.jp,Male,Aleut,2XL,Kampala University
54,Odette,McCaughren,omccaughren1h@dion.ne.jp,Genderfluid,American Indian,M,Siebold University of Nagasaki
55,Alano,Blasiak,ablasiak1i@blogger.com,Male,Comanche,L,Institute of Paper Science and Technology
56,Franky,Barde,fbarde1j@zdnet.com,Male,Chilean,XS,American University of Tirana
57,Aggy,Allman,aallman1k@bloomberg.com,Female,Malaysian,M,Mayo Graduate School
58,Marijo,Thornham,mthornham1l@skyrock.com,Female,Seminole,S,Fontys University of Applied Sciences
59,Demott,Kilshaw,dkilshaw1m@jalbum.net,Male,Creek,M,Université Sidi Mohammed Ben Abdellah
60,Tillie,Underhill,tunderhill1n@list-manage.com,Female,Chickasaw,XL,Gorgan University of Agricultural Sciences and Natural Resources
61,Edeline,Kordovani,ekordovani1o@admin.ch,Female,Costa Rican,2XL,Pan-African University
62,Andeee,Bennike,abennike1p@hao123.com,Female,Melanesian,3XL,University of Economics Prague
63,Gavrielle,Dybbe,gdybbe1q@ihg.com,Female,Central American,3XL,Université de Ouagadougou
64,Leshia,Storr,lstorr1r@nsw.gov.au,Female,Chilean,L,Kalmar University College
65,Loise,Longfut,llongfut1s@gmpg.org,Non-binary,Shoshone,L,Universitas Sumatera Utara
66,Florina,Antonin,fantonin1t@ft.com,Female,Japanese,XS,Ecole Supérieure d'Electricité
67,Caryn,Mensler,cmensler1u@ftc.gov,Female,South American,XL,Donetsk National Technical University
68,Dwain,Caudell,dcaudell1v@disqus.com,Bigender,Nicaraguan,XL,Rezekne Higher School
69,Jorie,Karpf,jkarpf1w@reuters.com,Female,Venezuelan,L,Mahatma Jyotiba Phule Rohilkhand University Bareilly 
70,Johnnie,Fudger,jfudger1x@4shared.com,Male,Indonesian,3XL,Fachhochschule Stralsund
71,Mariann,Birchett,mbirchett1y@webeden.co.uk,Female,Osage,XL,Mukogawa Women's University
72,Cherry,Tickle,ctickle1z@opensource.org,Female,Guatemalan,L,Peace College
73,Waly,Sign,wsign20@nydailynews.com,Female,Cheyenne,XL,Universidade do Algarve
74,Mariejeanne,Thorius,mthorius21@wikimedia.org,Female,Salvadoran,XS,University of Illinois
75,Brander,Till,btill22@tiny.cc,Male,Asian Indian,3XL,"CollegeAmerica, Phoenix"
76,Tracie,Wildbore,twildbore23@psu.edu,Male,Guatemalan,XL,Winona State University
77,Jamal,Myrie,jmyrie24@census.gov,Male,Crow,M,Universidad Empresarial
78,Patience,Surby,psurby25@japanpost.jp,Female,Eskimo,2XL,University of Milan
79,Annamaria,Bosden,abosden26@infoseek.co.jp,Female,South American,XS,European Humanities University
80,Albertine,Lowis,alowis27@amazon.de,Female,Venezuelan,XS,Universidad Evangélica de El Salvador
81,Bird,Whardley,bwhardley28@booking.com,Female,Fijian,3XL,Technische Universität Carolo-Wilhelmina Braunschweig
82,Morris,Lumber,mlumber29@rakuten.co.jp,Male,Filipino,XL,Drury College
83,Candide,Stenett,cstenett2a@sfgate.com,Female,Lumbee,2XL,Växjö University
84,Cristen,Lints,clints2b@toplist.cz,Female,Black or African American,2XL,Tufts University
85,Fayette,Fountian,ffountian2c@livejournal.com,Bigender,Polynesian,M,European Management Center Paris
86,Hally,Favel,hfavel2d@slashdot.org,Female,Venezuelan,XL,Keele University
87,Calli,Franckton,cfranckton2e@home.pl,Female,Alaska Native,L,Soochow University
88,Harland,Gosalvez,hgosalvez2f@arizona.edu,Male,Choctaw,S,Universidad de la Integración de las Americas (UNIDAD)
89,Marlene,Pescott,mpescott2g@t.co,Female,Navajo,M,University of Connecticut at Waterbury
90,Archie,Aitchinson,aaitchinson2h@arizona.edu,Male,Native Hawaiian and Other Pacific Islander (NHPI),XL,Sendai University
91,Shea,Human,shuman2i@seattletimes.com,Polygender,Eskimo,M,Rabindra Bharati University
92,Mariquilla,Vigar,mvigar2j@is.gd,Bigender,Polynesian,S,Université de Bourgogne
93,Chere,Newland,cnewland2k@stumbleupon.com,Female,Pima,XS,Birmingham-Southern College
94,Krystyna,Wherrit,kwherrit2l@flickr.com,Female,Argentinian,XS,Universitas Lampung
95,Alleyn,Whitney,awhitney2m@shop-pro.jp,Male,Cuban,3XL,Université Quisqueya
96,Alla,Dawltrey,adawltrey2n@sciencedaily.com,Female,Osage,M,Catholic University of Pusan
97,Audra,Nieass,anieass2o@businesswire.com,Female,Ottawa,L,Florida University of Medicine
98,Euphemia,Kilgrew,ekilgrew2p@nbcnews.com,Female,Colombian,XS,Wabash College
99,Jeane,Boath,jboath2q@netscape.com,Female,Aleut,L,Soai University
100,Etty,Uttley,euttley2r@eventbrite.com,Female,Paraguayan,M,Oita Medical University
101,Aridatha,Drennan,adrennan2s@wix.com,Female,Sioux,S,Art Institute of Charlotte
102,Conny,Phateplace,cphateplace2t@arstechnica.com,Bigender,Chilean,L,Universidade Federal do Ceará
103,Lek,Marcinkowski,lmarcinkowski2u@yellowbook.com,Male,Delaware,M,St. George's University
104,Parry,Breakwell,pbreakwell2v@comsenz.com,Male,Alaskan Athabascan,3XL,Fundación Universitaria Luis Amigó
105,Benoit,Rowdell,browdell2w@cocolog-nifty.com,Male,American Indian and Alaska Native (AIAN),M,Coker College
106,Torr,Bridywater,tbridywater2x@walmart.com,Male,Thai,3XL,South Eastern University of Sri Lanka
107,Consolata,Apted,capted2y@google.com,Female,Panamanian,3XL,Divine Word College of Legazpi
108,Salomo,Alwood,salwood2z@usa.gov,Male,Yaqui,3XL,University of Electro-Communications
109,Olive,Duffell,oduffell30@wikimedia.org,Female,Pakistani,L,Nara Medical University
110,Phyllida,Giraudel,pgiraudel31@youku.com,Female,Tohono O'Odham,XS,Al-Birony University
111,Moises,Mennithorp,mmennithorp32@sourceforge.net,Male,Crow,2XL,Dr. C.V. Raman University
112,Raddie,Rudgard,rrudgard33@smh.com.au,Male,South American,3XL,St. Petersburg College
113,Leilah,Mompesson,lmompesson34@tumblr.com,Female,Tlingit-Haida,S,Ringling College of Art and Design
114,Willi,Donat,wdonat35@tripadvisor.com,Male,Malaysian,3XL,Montreat College
115,Von,MacCurlye,vmaccurlye36@unc.edu,Bigender,Melanesian,XL,Science University of Tokyo
116,Clevie,Henrion,chenrion37@sciencedirect.com,Male,White,XS,"St. Joseph's College New York, Suffolk Campus"
117,Land,De Bernardi,ldebernardi38@npr.org,Male,Crow,M,Adventist University of Africa
118,Batholomew,Battershall,bbattershall39@google.ca,Male,Paiute,XS,Osaka Institute of Technology
119,Elli,Allkins,eallkins3a@census.gov,Female,Filipino,M,Temple University
120,Tuckie,Quibell,tquibell3b@phoca.cz,Male,Central American,XS,New York Film Academy
121,Maximilianus,Izod,mizod3c@chicagotribune.com,Male,Iroquois,2XL,Wayamba University of Sri Lanka 
122,Taber,Sworder,tsworder3d@shinystat.com,Male,Cherokee,M,Senzoku Gakuen College
123,Bone,Fitzharris,bfitzharris3e@marriott.com,Male,Salvadoran,XL,Pontificia Università Lateranense
124,Avrit,Gouck,agouck3f@usda.gov,Female,Paiute,M,Notre Dame University
125,Ambur,Strauss,astrauss3g@eepurl.com,Female,Central American,S,Universidad Justo Sierra
126,Tandie,Zanicchi,tzanicchi3h@com.com,Agender,Micronesian,3XL,Technical University of Crete
127,Amity,Genike,agenike3i@com.com,Female,Alaska Native,XS,Vytautas Magnus University
128,Adeline,Lindley,alindley3j@bing.com,Female,Seminole,M,Northern Alberta Institute of Technology
129,Keefer,Loughney,kloughney3k@mozilla.org,Male,Alaskan Athabascan,S,Qinghai Radio & Television University
130,Dusty,Grigoroni,dgrigoroni3l@t.co,Female,Choctaw,2XL,Baptist Bible College of Pennsylvania
131,Queenie,Brougham,qbrougham3m@gov.uk,Female,Cuban,3XL,Philander Smith College
132,Hillie,Shanks,hshanks3n@yolasite.com,Male,Sri Lankan,S,Alma College
133,Roseanne,Fayerman,rfayerman3o@nsw.gov.au,Female,Native Hawaiian and Other Pacific Islander (NHPI),3XL,Moscow State University M.V. Lomonosov
134,Brigid,Dottrell,bdottrell3p@shutterfly.com,Female,Houma,L,Shenkar School of Engineering & Design
135,Faina,Begwell,fbegwell3q@addtoany.com,Female,Iroquois,S,Kazan State Music Conservatory
136,Benoit,Loftin,bloftin3r@dailymotion.com,Male,Yakama,M,Great Lakes Christian College
137,Hewet,Guarnier,hguarnier3s@example.com,Male,Filipino,2XL,University of New Brunswick
138,Carlos,Seamarke,cseamarke3t@behance.net,Male,Native Hawaiian and Other Pacific Islander (NHPI),3XL,Medical College of Wisconsin
139,Anatol,Sprowles,asprowles3u@bravesites.com,Male,Yakama,M,Omdurman Islamic University
140,Virgie,Myerscough,vmyerscough3v@cnn.com,Male,Aleut,XS,European Regional Educational Academy of Armenia
141,Stephenie,Towers,stowers3w@spotify.com,Female,Costa Rican,M,Chia Nana College of Pharmacy and Science
142,Gaby,Bing,gbing3x@rakuten.co.jp,Female,Paiute,XS,University of Amsterdam
143,Reggie,Manna,rmanna3y@rambler.ru,Polygender,Central American,XS,International School of Management ISM Dortmund
144,Steffi,Clacson,sclacson3z@techcrunch.com,Female,Thai,M,Saybrook Institute
145,Swen,Durant,sdurant40@ebay.com,Male,Guamanian,XS,Korea Maritime University
146,Cleveland,Engel,cengel41@wiley.com,Male,Pima,3XL,Greenwich University
147,Emilie,Jardin,ejardin42@google.it,Female,Colville,M,Urbana University
148,Romain,Goggan,rgoggan43@miibeian.gov.cn,Male,Eskimo,3XL,Ecole Supérieure de Commerce de Clermont-Ferrand
149,Veronike,Izakoff,vizakoff44@acquirethisname.com,Female,Latin American Indian,XL,Universidad de Antofagasta
150,Winthrop,McAuliffe,wmcauliffe45@opensource.org,Male,Iroquois,S,Baskent University
151,Gina,Mallen,gmallen46@nbcnews.com,Female,Alaskan Athabascan,2XL,IBAIS University
152,Corby,Bruinemann,cbruinemann47@digg.com,Male,Ottawa,2XL,Universidade de Ribeirão Preto
153,Etienne,Pearsall,epearsall48@photobucket.com,Male,Honduran,XL,Medical College of Georgia
154,Sarajane,Antill,santill49@fastcompany.com,Female,Costa Rican,XS,The American College
155,Beryl,Kinkade,bkinkade4a@telegraph.co.uk,Female,Colombian,XS,University of Southern Denmark
156,Pepita,Cudby,pcudby4b@drupal.org,Female,Hmong,2XL,Jadavpur University
157,Prentice,Tidbold,ptidbold4c@google.cn,Male,Chamorro,3XL,Universitas Bengkulu
158,Quinn,Abrami,qabrami4d@flickr.com,Female,Pima,XS,University of Dallas
159,Reba,Braddon,rbraddon4e@e-recht24.de,Female,Thai,L,Badakhshan University
160,Avigdor,Wharrier,awharrier4f@illinois.edu,Male,Sioux,XL,Kenya Methodist University
161,Sophey,Quin,squin4g@pagesperso-orange.fr,Female,Houma,XL,Shinshu University
162,Shannon,Woodage,swoodage4h@seesaa.net,Agender,Latin American Indian,3XL,Universidad Nacional del Altiplano
163,Marsiella,Mealham,mmealham4i@slashdot.org,Female,Tongan,XL,Sinte Gleska University
164,Keir,Wann,kwann4j@elpais.com,Male,Lumbee,3XL,Cukurova University
165,Gustave,Wilcott,gwilcott4k@4shared.com,Male,Dominican (Dominican Republic),L,Culver-Stockton College
166,Amory,Youthead,ayouthead4l@yellowpages.com,Male,Micronesian,XS,Samara State Medical University
167,Ronny,Lace,rlace4m@webmd.com,Agender,Vietnamese,2XL,"Music Academy ""Felix Nowowiejski"" in Bydgoszcz"
168,Tim,Raye,traye4n@canalblog.com,Male,Argentinian,S,Hofstra University
169,Even,Ricarde,ericarde4o@webnode.com,Male,Alaskan Athabascan,XS,Mesa State College
170,Rachel,Drewell,rdrewell4p@odnoklassniki.ru,Female,Fijian,M,Universidad del Valle de Toluca
171,Dylan,Bank,dbank4q@jalbum.net,Male,Asian,XL,Universidad Autónoma de Bucaramanga
172,Cleve,Huet,chuet4r@state.gov,Male,Sri Lankan,M,Lithunian University of Agriculture
173,Faina,Gallo,fgallo4s@gizmodo.com,Female,Creek,S,Ashesi University
174,Kennett,Matyashev,kmatyashev4t@hud.gov,Male,Thai,XS,University of St. Gallen
175,Munroe,Rawles,mrawles4u@sourceforge.net,Genderfluid,Venezuelan,M,Universidad Católica Cecilio Acosta
176,Brandea,Domenichelli,bdomenichelli4v@list-manage.com,Female,Indonesian,L,University of North Dakota
177,Howard,Guyon,hguyon4w@acquirethisname.com,Male,Yuman,XS,Sulaimani Polytechnic University
178,Trevor,Huffa,thuffa4x@google.com,Male,Seminole,M,Wirtschaftsuniversität Wien
179,Rivalee,Greenham,rgreenham4y@salon.com,Female,Taiwanese,S,St. John's University
180,Brandise,Blatherwick,bblatherwick4z@examiner.com,Genderqueer,Osage,S,Lutheran Bible Institute of Seattle
181,Carlynn,Barth,cbarth50@dion.ne.jp,Female,Native Hawaiian,M,International Institute for Geo - Information Science and Earth Observation
182,Alfonso,Kennford,akennford51@irs.gov,Male,American Indian and Alaska Native (AIAN),3XL,Université de Bretagne Sud
183,Port,Tichelaar,ptichelaar52@xing.com,Male,Native Hawaiian and Other Pacific Islander (NHPI),M,University of Bolton
184,Brigid,Paddick,bpaddick53@umich.edu,Female,Central American,M,Franklin Pierce Law Center
185,Erika,Greenley,egreenley54@sogou.com,Female,Asian Indian,2XL,Universidad Nacional
186,Ash,Chappelle,achappelle55@jimdo.com,Male,Iroquois,3XL,Kampala University
187,Lemuel,Keaton,lkeaton56@cnn.com,Male,Indonesian,2XL,University of Sierra Leone
188,Philbert,Birkmyre,pbirkmyre57@answers.com,Male,Costa Rican,3XL,University of Silesia
189,Estevan,Macias,emacias58@va.gov,Male,Pueblo,3XL,"Indian Institute of Technology, Roorkee"
190,Emelda,Neale,eneale59@istockphoto.com,Female,Ute,XL,University of Nevada - Las Vegas
191,Ingelbert,Yellep,iyellep5a@sina.com.cn,Male,Aleut,XL,Universidad del Pacifico
192,Constantino,Roo,croo5b@google.ru,Male,Panamanian,M,Universidad Intercontinental
193,Shirlene,Champe,schampe5c@yelp.com,Female,Sioux,3XL,"Institute of Teachers Education, Batu Lintang"
194,Kathe,Halsworth,khalsworth5d@reverbnation.com,Female,Yuman,XS,Ringling College of Art and Design
195,Heinrick,Duffil,hduffil5e@cnet.com,Male,Cheyenne,XL,Institut Textile et Chimique de Lyon
196,Lauritz,Klageman,lklageman5f@hp.com,Male,Malaysian,3XL,Kirkwood Community College
197,Gilbertine,Getch,ggetch5g@constantcontact.com,Female,Cambodian,XS,Misamis University
198,Clywd,Riccioppo,criccioppo5h@mashable.com,Agender,Creek,XS,Tver State Technical University
199,Marrissa,Collar,mcollar5i@nytimes.com,Female,Yuman,XS,University of Southern Mississippi
200,Em,Killingback,ekillingback5j@weebly.com,Female,Polynesian,3XL,Private Hanseuniversität
201,Harmonie,Marciek,hmarciek5k@upenn.edu,Female,Eskimo,2XL,Chapman University
202,Dewitt,Degan,ddegan5l@artisteer.com,Male,Lumbee,3XL,Jilin University
203,Jeff,Wandrach,jwandrach5m@g.co,Male,Native Hawaiian and Other Pacific Islander (NHPI),XS,Pakistan Virtual University
204,Verney,Clymo,vclymo5n@virginia.edu,Genderfluid,Tongan,XL,Pan-African University
205,Dom,Bushnell,dbushnell5o@theatlantic.com,Polygender,Asian,S,Johannes-Gutenberg Universität Mainz
206,Constantine,Kentwell,ckentwell5p@soup.io,Female,Guatemalan,M,Fashion Institute of New York
207,Dud,Brigham,dbrigham5q@so-net.ne.jp,Male,Indonesian,M,Nanchang University
208,Valerie,Else,velse5r@pinterest.com,Non-binary,Tlingit-Haida,XS,"Swedish School of Economics and Business Administration, Finland"
209,Jacqueline,Tantrum,jtantrum5s@washingtonpost.com,Female,Houma,L,"Islamic Azad University, Garmsar"
210,Dionisio,Revens,drevens5t@samsung.com,Male,Asian,XL,Radboud University of Nijmegen
211,Francklin,Jeckells,fjeckells5u@dmoz.org,Male,Menominee,L,Katholieke Universiteit Leuven
212,Miquela,Cockrill,mcockrill5v@discovery.com,Female,Honduran,3XL,Fachhochschule Kufstein (Tirol)
213,Waly,Sanderson,wsanderson5w@forbes.com,Female,Spaniard,XL,Loyola College in Maryland
214,Eduino,Hacker,ehacker5x@bravesites.com,Male,Pueblo,XL,Kent State University
215,Dyan,Brecken,dbrecken5y@sohu.com,Bigender,Paiute,2XL,University of Nevada - Las Vegas
216,Saudra,Ivel,sivel5z@usnews.com,Female,Tlingit-Haida,L,Universidad Maritima de Chile
217,Sidoney,Ferronet,sferronet60@freewebs.com,Female,Costa Rican,3XL,Politécnico de Guanajuato
218,Anatol,Mawson,amawson61@shutterfly.com,Male,Central American,S,Ecole Nationale Vétérinaire de Lyon
219,Carolin,Scamerden,cscamerden62@youku.com,Female,Tongan,3XL,Universidad Notarial Argentina
220,Kelcie,Reisenberg,kreisenberg63@forbes.com,Female,Chamorro,L,Ecole Nationale Supérieure de Physique de Grenoble
221,Rooney,Grimsdale,rgrimsdale64@nhs.uk,Male,Blackfeet,L,Kanto Gakuin University
222,Noah,Arnauduc,narnauduc65@nature.com,Male,American Indian,2XL,Modern Sciences & Arts University
223,Alastair,Kubiczek,akubiczek66@wufoo.com,Male,Spaniard,XS,North Central College
224,Pen,Pergens,ppergens67@posterous.com,Male,Delaware,S,Dominican College of Philosophy and Theology
225,Tod,Halbeard,thalbeard68@forbes.com,Male,Puerto Rican,XL,Universidade São Marcos
226,Gaylor,Cleave,gcleave69@oracle.com,Male,Indonesian,M,Kunstakademie Düsseldorf.
227,Arielle,Hegges,ahegges6a@spotify.com,Female,Central American,S,Emeq Yizrael College
228,Jamil,Birks,jbirks6b@marketwatch.com,Male,Pakistani,S,Tokyo Kasei University
229,Gabrila,Lapides,glapides6c@meetup.com,Female,Korean,S,University of Alaska - Fairbanks
230,Pattie,Presidey,ppresidey6d@noaa.gov,Male,Central American,3XL,Anadolu University
231,Briggs,Tims,btims6e@globo.com,Male,Guamanian,L,Altai State Medical University
232,Rance,Marcus,rmarcus6f@soundcloud.com,Agender,Shoshone,3XL,University of Texas at El Paso
233,Corliss,Grigoriev,cgrigoriev6g@dell.com,Female,Chickasaw,L,Universitas Mahasaraswati Denpasar
234,Celestia,Nias,cnias6h@uol.com.br,Female,Iroquois,L,Universidad Nacional del Centro de la Provincia de Buenos Aires
235,Kimmie,Urrey,kurrey6i@google.es,Female,Sioux,3XL,Lillehammer University College
236,Dahlia,Catling,dcatling6j@webs.com,Female,American Indian,S,Universidad del Pacífico
237,Eveline,Mell,emell6k@omniture.com,Genderqueer,Panamanian,2XL,Dawood College of Engineering and Technology
238,Letti,MacAlroy,lmacalroy6l@nymag.com,Female,Navajo,S,West Visayas State University
239,Celene,Ickovici,cickovici6m@biglobe.ne.jp,Female,Osage,2XL,University of Mumbai
240,Winfred,Jefferd,wjefferd6n@miibeian.gov.cn,Male,Alaskan Athabascan,3XL,Universidad Nacional de Formosa
241,Samantha,Abbess,sabbess6o@stanford.edu,Non-binary,Comanche,2XL,University of Bergamo
242,Rakel,Oleksiak,roleksiak6p@abc.net.au,Female,Yakama,M,Amman University
243,Rancell,Mockes,rmockes6q@goo.gl,Male,American Indian and Alaska Native (AIAN),M,Coker College
244,Billy,Callf,bcallf6r@buzzfeed.com,Male,Japanese,2XL,Physical Education Academy in Katowice
245,Valentin,Sales,vsales6s@china.com.cn,Male,Native Hawaiian and Other Pacific Islander (NHPI),S,Baylor College of Medicine
246,Piggy,Jannaway,pjannaway6t@naver.com,Male,Guamanian,XL,Ecole Nationale Supérieure des Mines de Nancy
247,Rosmunda,Leason,rleason6u@fastcompany.com,Female,Puerto Rican,XL,Texas Tech University
248,Odilia,Searston,osearston6v@paypal.com,Female,Paraguayan,3XL,Hiroshima Prefectural University
249,Monro,Grassick,mgrassick6w@dailymotion.com,Genderfluid,Uruguayan,3XL,Universidad Peruana Cayetano Heredia
250,Calley,Joice,cjoice6x@weather.com,Female,Yakama,2XL,Instituto Nacional de Matemática Pura e Aplicada - IMPA
251,Tanney,Houndesome,thoundesome6y@youku.com,Male,Filipino,XS,University of Jammu
252,Lambert,Humblestone,lhumblestone6z@google.com.au,Male,Hmong,XS,Suan Dusit Rajabhat University
253,Corry,Jeanel,cjeanel70@wunderground.com,Female,Spaniard,2XL,"California State University, Los Angeles"
254,Mia,Gavrieli,mgavrieli71@scribd.com,Female,Mexican,L,Taurida National V.I.Vernadsky University
255,Casey,Cranmore,ccranmore72@gnu.org,Male,Eskimo,3XL,Asian Business School
256,Denyse,Verity,dverity73@joomla.org,Female,Venezuelan,XL,Narendra Deva University of Agriculture and Technology
257,Jackelyn,Carvilla,jcarvilla74@hubpages.com,Female,Aleut,3XL,"Islamic Azad University, Region One"
258,Addy,Louth,alouth75@privacy.gov.au,Male,Spaniard,L,Babcock University
259,Alene,Liverock,aliverock76@earthlink.net,Female,Kiowa,S,Ben-Gurion University of the Negev
260,Britta,Driver,bdriver77@marriott.com,Female,Paraguayan,XL,Institución Universitaria Iberoamericana
261,Raynard,Tumbelty,rtumbelty78@exblog.jp,Agender,Cambodian,XL,Universitas Trilogi
262,Rocky,Stailey,rstailey79@themeforest.net,Male,Lumbee,XL,University of Illinois at Springfield
263,Risa,Seer,rseer7a@amazonaws.com,Female,Argentinian,3XL,DePaul University
264,Giustino,Hessing,ghessing7b@google.nl,Male,Alaskan Athabascan,2XL,"National University of Ireland, Maynooth"
265,Sven,Kipling,skipling7c@comcast.net,Male,Choctaw,S,Universidad Nacional de Ingeniería
266,Marlane,Minshall,mminshall7d@topsy.com,Female,American Indian and Alaska Native (AIAN),M,International University of Kagoshima
267,Garnet,Illidge,gillidge7e@google.fr,Female,Indonesian,S,University of Gastronomic Sciences
268,Jodie,Yurmanovev,jyurmanovev7f@cloudflare.com,Male,Chinese,S,Brest State Technical University
269,Marcellina,Belford,mbelford7g@geocities.com,Female,Asian Indian,XL,"Kyrgyz State University of Construction, Transportation and Architecture"
270,Cris,Chetwynd,cchetwynd7h@google.ca,Female,Mexican,2XL,Makanlal Chutur Vedi University
271,Joseito,Twoohy,jtwoohy7i@xinhuanet.com,Male,Micronesian,2XL,Pontificia Universidad Católica del Perú
272,Welby,Dreghorn,wdreghorn7j@uiuc.edu,Male,Uruguayan,M,Université de la Méditerranée (Aix Marseille II)
273,Giacobo,Tranckle,gtranckle7k@wikipedia.org,Male,Argentinian,XS,Shanghai Sipo Polytechnic
274,Joey,McFade,jmcfade7l@wordpress.org,Male,Chippewa,2XL,Wageningen University
275,My,Frampton,mframpton7m@ning.com,Male,Melanesian,M,Adeleke University
276,Filippa,Grinyov,fgrinyov7n@boston.com,Female,Creek,3XL,Yukon College
277,Lacey,Dennison,ldennison7o@house.gov,Female,Filipino,XS,Lanzhou University
278,Linda,Cholwell,lcholwell7p@phpbb.com,Female,Black or African American,S,Himachal Pradesh Agricultural University
279,Bertie,Ruddoch,bruddoch7q@wikia.com,Female,Tohono O'Odham,L,Molde University College
280,Nickie,Tander,ntander7r@washingtonpost.com,Female,Apache,3XL,Universidad Autónoma Gabriel René Moreno
281,Sibella,Danzelman,sdanzelman7s@examiner.com,Female,Delaware,S,College of Idaho
282,Lawrence,Gatherer,lgatherer7t@is.gd,Genderfluid,Guamanian,S,Instituto Superior Bissaya Barreto
283,Valentine,Joul,vjoul7u@etsy.com,Female,Taiwanese,L,Université des Sciences et de la Technologie Houari Boumediène
284,Herculie,Chicco,hchicco7v@fc2.com,Male,Native Hawaiian and Other Pacific Islander (NHPI),L,University of Science and Technology
285,Woodie,McNeachtain,wmcneachtain7w@google.es,Male,Venezuelan,3XL,Kyoto Sangyo University
286,Yuma,Lamartine,ylamartine7x@arizona.edu,Male,Pueblo,XL,North China Electric Power University
287,Conney,Mooney,cmooney7y@delicious.com,Genderfluid,Puget Sound Salish,2XL,Advance Tertiary College
288,Cullen,Gregg,cgregg7z@buzzfeed.com,Male,Venezuelan,L,Universidade Estadual do Ceará
289,Donelle,Reeves,dreeves80@mapquest.com,Female,Tlingit-Haida,XL,Athens Graduate School of Management (AGSM)
290,Kimble,Allsep,kallsep81@washington.edu,Male,Chinese,XL,University Of Dubai
291,Pacorro,Parbrook,pparbrook82@biblegateway.com,Male,Comanche,M,Ecole Nationale d'Ingénieurs des Travaux Agricoles de Clermont-Ferrand
292,Alberto,Hawkeridge,ahawkeridge83@rambler.ru,Male,Puerto Rican,3XL,Poznan University of Life Sciences
293,Sim,Toon,stoon84@mozilla.com,Male,Aleut,2XL,"Institute of Germanic Studies, University of London"
294,Noemi,Ducker,nducker85@ft.com,Female,Kiowa,XL,Colorado Technical University
295,Loutitia,Brinklow,lbrinklow86@elpais.com,Agender,Vietnamese,3XL,Fachhochschule Braunschweig/Wolfenbüttel
296,Veriee,Cescot,vcescot87@independent.co.uk,Female,Panamanian,S,Mahidol University International College
297,Jay,Glenwright,jglenwright88@fc2.com,Male,Chickasaw,2XL,Miyazaki Prefectural Nursing University
298,Heloise,Sturr,hsturr89@cdc.gov,Female,Sioux,M,Matsusaka University
299,Herrick,Casarili,hcasarili8a@globo.com,Male,Native Hawaiian,S,"California State University, Los Angeles"
300,Read,Lawfull,rlawfull8b@netlog.com,Male,American Indian,M,Ohio University - Eastern
301,Julianne,Lugden,jlugden8c@w3.org,Female,Houma,XS,Novosibirsk State Technical University
302,Karita,Woodyatt,kwoodyatt8d@tamu.edu,Female,Ute,L,Université du Québec à Rimouski
303,Thadeus,Orwin,torwin8e@prlog.org,Male,White,XL,Universitat Rovira I Virgili Tarragona
304,Romain,Brownill,rbrownill8f@youku.com,Polygender,Argentinian,3XL,Sugiyama Jogakuen University
305,Darrell,Carrell,dcarrell8g@virginia.edu,Male,Paraguayan,M,Dalian Polytechnic University
306,Nicolina,Maddaford,nmaddaford8h@php.net,Female,Micronesian,L,Universiti Pendidikan Sultan Idris
307,Crystie,O'Dunniom,codunniom8i@mapquest.com,Female,Thai,S,Universitas Katolik Parahyangan
308,Janel,Woodnutt,jwoodnutt8j@cpanel.net,Female,Hmong,2XL,Abo Akademi University
309,Josselyn,Rihanek,jrihanek8k@google.co.jp,Female,Paiute,L,Fontbonne College
310,Joice,Mangam,jmangam8l@bigcartel.com,Female,Yuman,2XL,Texas Wesleyan University
311,Timotheus,Culp,tculp8m@de.vu,Male,Apache,2XL,Newport International University
312,Belva,Jezzard,bjezzard8n@diigo.com,Female,Cambodian,L,Moscow State Textile University A.N. Kosygin
313,Wyatt,Witts,wwitts8o@mapy.cz,Male,Navajo,M,University of Mary
314,Sacha,Jeannesson,sjeannesson8p@umich.edu,Female,Panamanian,M,Iwate Prefectural University
315,Sam,Fawlks,sfawlks8q@drupal.org,Female,Bangladeshi,3XL,Université Cadi Ayyad
316,Meredeth,Admans,madmans8r@chicagotribune.com,Male,Malaysian,XS,St. Petersburg State Theatre Arts Academy
317,Emmey,Eblein,eeblein8s@illinois.edu,Female,White,2XL,"Universidad Interamericana de Puerto Rico, Bayamón"
318,Betteann,Littlechild,blittlechild8t@scribd.com,Female,Kiowa,XL,International College
319,Aloysia,Peacock,apeacock8u@alibaba.com,Female,Argentinian,2XL,Bratislava International School of Liberal Arts
320,Munroe,Gaiger,mgaiger8v@cbsnews.com,Male,Paiute,XS,Eurasian Institute of market
321,Ellynn,Grenfell,egrenfell8w@marriott.com,Female,American Indian,S,University of Pittsburgh at Bradford
322,Rudiger,Legging,rlegging8x@hatena.ne.jp,Male,Puget Sound Salish,L,Duluth Business University
323,Annemarie,Ortet,aortet8y@merriam-webster.com,Genderfluid,Ecuadorian,XL,Universidad Francisco de Aguirre
324,Cthrine,Osmon,cosmon8z@pagesperso-orange.fr,Female,Puget Sound Salish,2XL,Shanghai TieDao University
325,Elsy,Bande,ebande90@springer.com,Female,Alaska Native,3XL,University of Dammam
326,Matteo,Custance,mcustance91@bluehost.com,Male,Asian,L,Moscow State University of Culture
327,Alli,Matthias,amatthias92@cbslocal.com,Female,Pueblo,XS,Hochschule Darmstadt
328,Bettye,Narracott,bnarracott93@sogou.com,Non-binary,Paraguayan,S,Université Badji Mokhtar
329,Friederike,Croome,fcroome94@yellowpages.com,Female,Alaska Native,L,Honam University
330,Amanda,Jillis,ajillis95@elegantthemes.com,Genderqueer,Potawatomi,S,Abu Dhabi University
331,Alyse,Marvel,amarvel96@pcworld.com,Female,Guamanian,XS,Université de Rouen - Haute Normandie
332,Killie,Belch,kbelch97@samsung.com,Male,Indonesian,L,Ulyanovsk State Technical University
333,Joanne,Olivello,jolivello98@weebly.com,Female,Cuban,M,Central Institute of Higher Tibetan Studies
334,Lemmie,Tubbles,ltubbles99@taobao.com,Male,Taiwanese,M,Universitas Nusa Cendana
335,Thorstein,Siseland,tsiseland9a@stumbleupon.com,Male,Cuban,S,Northern State University
336,Suzi,Murch,smurch9b@biblegateway.com,Female,Bolivian,S,University of Glasgow
337,Felipe,Le Provest,fleprovest9c@cpanel.net,Male,Bangladeshi,3XL,Livingstone College
338,Michale,Leethem,mleethem9d@list-manage.com,Male,Ottawa,XS,Kuwait Maastricht Business School
339,Gale,Cavan,gcavan9e@desdev.cn,Female,Blackfeet,3XL,"Institute of Teachers Education, Islamic Education"
340,Chandal,Dorsey,cdorsey9f@patch.com,Female,Melanesian,M,"Institute of Teachers Education, Ilmu Khas"
341,Tudor,Gorstidge,tgorstidge9g@usatoday.com,Male,Crow,XS,St. Petersburg State University of Technology and Design
342,Hailey,Rawet,hrawet9h@npr.org,Male,Paiute,M,Visvesvaraya Technological University
343,Reba,Lively,rlively9i@github.io,Female,Japanese,XS,Chongqing University of Post and Telecommunications
344,Cassaundra,Fleckney,cfleckney9j@gov.uk,Female,Japanese,XS,Halic University
345,Carlyle,Sunners,csunners9k@moonfruit.com,Male,Cambodian,S,South Texas College of Law
346,Natasha,Cleghorn,ncleghorn9l@opera.com,Genderfluid,Kiowa,L,Central Agricultural University
347,Lee,Garside,lgarside9m@oaic.gov.au,Female,South American,XS,Instituto Politécnico da Guarda
348,Earle,Leatherland,eleatherland9n@ovh.net,Male,Kiowa,S,Anglo-American University
349,Ive,Fernandes,ifernandes9o@ted.com,Male,Creek,XL,Université Badji Mokhtar
350,Moyra,Streatfield,mstreatfield9p@census.gov,Female,Guamanian,S,Tongmyung University of Information Technology
351,Humfrey,Pre,hpre9q@github.com,Male,Guamanian,XS,Semyung University
352,Rick,Blight,rblight9r@multiply.com,Male,Guamanian,M,"California State University, Fresno"
353,Annie,Britee,abritee9s@soundcloud.com,Female,Apache,L,Hokuriku University
354,Howard,Bumphrey,hbumphrey9t@bloglines.com,Male,Tongan,S,Ho Chi Minh City University of Law
355,Madlin,Estevez,mestevez9u@webs.com,Female,American Indian and Alaska Native (AIAN),M,Centre de Formation et de Perfectionnement des Journalistes
356,Teodoro,Allden,tallden9v@ox.ac.uk,Male,Shoshone,L,Universidad Antonio Nariño
357,Griz,Shinfield,gshinfield9w@cdc.gov,Male,Chippewa,XS,Pädagogische Hochschule Weingarten
358,Tiffi,Schwier,tschwier9x@slashdot.org,Female,Ottawa,XS,Polytechnical University of Kabul
359,Marwin,Blaszczak,mblaszczak9y@zdnet.com,Male,Menominee,L,University of Gujrat
360,Shawn,Boddam,sboddam9z@amazon.co.jp,Male,Lumbee,XS,Fachhochschule für Wirtschaft Berlin
361,Beryl,Smalles,bsmallesa0@ucla.edu,Female,Fijian,M,Centro Universitário Monte Serrat
362,Lannie,Ramelot,lramelota1@oakley.com,Male,Menominee,3XL,Sophia University
363,Igor,Freeth,ifreetha2@gnu.org,Male,Cree,2XL,EMESCAM - Escola Superior de Ciências da Santa Casa de Misericórdia de Vitória
364,Winslow,Plowell,wplowella3@reddit.com,Male,Uruguayan,3XL,University of Prince Edward Island
365,Kikelia,Andre,kandrea4@mapy.cz,Female,Samoan,S,University Vitez In Travnik
366,Creight,Pearce,cpearcea5@berkeley.edu,Male,Tohono O'Odham,2XL,Universidad del Mayab
367,Fara,Collingridge,fcollingridgea6@census.gov,Female,Dominican (Dominican Republic),S,University of Plymouth
368,Northrup,Stroobant,nstroobanta7@deliciousdays.com,Male,Creek,XL,Pandit Ravi Shankar Shukla University
369,Madeleine,Bingham,mbinghama8@weather.com,Female,Asian,L,Faculdades Integradas Curitiba
370,Edithe,Harlock,eharlocka9@telegraph.co.uk,Female,Costa Rican,XS,Hiram College
371,Blayne,Lintill,blintillaa@sohu.com,Male,Ecuadorian,L,Kyrgyz Turkish  Manas University
372,Conrad,Bills,cbillsab@dot.gov,Male,Native Hawaiian,M,Shandong University of Triaditional Chinese Medicine
373,Ainslee,Blunden,ablundenac@addtoany.com,Female,Colville,XL,Universitas Pembangunan Panca Budi
374,Blinny,Mabb,bmabbad@discovery.com,Female,Puerto Rican,XL,Udmurt State University
375,Sarine,Inkpin,sinkpinae@discuz.net,Genderfluid,Japanese,3XL,Al Fashir University
376,Pate,Felce,pfelceaf@reference.com,Male,Alaska Native,XS,National University of Kiev-Mohyla Academy
377,Stephani,Poyle,spoyleag@ox.ac.uk,Female,Thai,2XL,Higher School o Business in Tarnow
378,Rupert,McLucas,rmclucasah@telegraph.co.uk,Male,Apache,3XL,Southern Illinois University at Edwardsville
379,Greg,De Vile,gdevileai@sfgate.com,Male,Argentinian,3XL,Imperial College London
380,Pincas,Rapinett,prapinettaj@cornell.edu,Genderqueer,Chinese,L,Universidade do Estado de Santa Catarina
381,Stephie,Wroughton,swroughtonak@ning.com,Female,Cambodian,L,Grace Bible College
382,Wilhelmina,Bansal,wbansalal@mit.edu,Female,Honduran,3XL,Universidade Federal de Pernambuco
383,Maressa,Jepensen,mjepensenam@angelfire.com,Female,Alaska Native,M,Science University of Tokyo in Yamaguchi
384,Mariquilla,Playfoot,mplayfootan@apache.org,Female,Tlingit-Haida,XL,Southern University - Shreveport
385,Nils,Murrhardt,nmurrhardtao@statcounter.com,Male,Eskimo,XL,Hamilton Technical College
386,Gothart,Calender,gcalenderap@home.pl,Male,Eskimo,L,St. Petersburg State Conservatory
387,Rowan,Coard,rcoardaq@wufoo.com,Polygender,Melanesian,2XL,University of Maryland Eastern Shore
388,Morten,Iapico,miapicoar@apache.org,Male,Chickasaw,L,Buddhist and Pali University of Sri Lanka
389,Bel,Purse,bpurseas@ebay.com,Female,South American,L,Design Institute of San Diego
390,Thom,MacAree,tmacareeat@ebay.co.uk,Male,Dominican (Dominican Republic),S,Ouachita Baptist University
391,Putnam,Helstrip,phelstripau@ft.com,Male,Vietnamese,M,Instituto de Estudios Superiores de la Sierra
392,Carri,Boissieux,cboissieuxav@liveinternet.ru,Female,Japanese,XL,"École Polytechnique de Montréal, Université de Montréal"
393,Ethelin,Siemandl,esiemandlaw@privacy.gov.au,Female,Cambodian,L,Universidade Salvador
394,Celinda,Curtain,ccurtainax@wikipedia.org,Female,Argentinian,XS,University College of the Cariboo
395,Terrel,Lowrie,tlowrieay@hibu.com,Male,Polynesian,S,Tohoku Fukushi University
396,Vernon,Henfre,vhenfreaz@dropbox.com,Male,Vietnamese,S,University of Perpetual Help
397,Boycey,Kik,bkikb0@ocn.ne.jp,Male,Osage,S,Rissho University
398,Francisco,Danilishin,fdanilishinb1@ezinearticles.com,Male,Yaqui,M,Hanoi University of Science & Technology
399,Amandi,Esch,aeschb2@squarespace.com,Female,Thai,3XL,Mazandaran University of Science & Technology
400,Pierre,Dimmock,pdimmockb3@intel.com,Male,Melanesian,XS,"Islamic Azad University, Semnan"
401,Dierdre,Rickersy,drickersyb4@paypal.com,Female,Aleut,L,Universidad Técnica de Babahoyo
402,Theodor,Hazael,thazaelb5@noaa.gov,Male,Asian Indian,M,Inner Mongolia University
403,Fraze,Henrot,fhenrotb6@people.com.cn,Male,Yaqui,S,"National American University, Sioux Falls"
404,Rickie,Kondrachenko,rkondrachenkob7@fotki.com,Agender,Black or African American,3XL,Beijing University of Chemical Technology
405,Nataniel,Alster,nalsterb8@jugem.jp,Male,Ute,M,Doho University
406,Lois,Beckford,lbeckfordb9@spiegel.de,Genderqueer,Cheyenne,XL,Lake Forest Graduate School of Management
407,Idell,Froome,ifroomeba@bravesites.com,Non-binary,Guatemalan,S,Universidad Santa Fe
408,Zed,Hallagan,zhallaganbb@zimbio.com,Male,Japanese,S,"Universidad Nacional Experimental ""Francisco de Miranda"""
409,Maggi,Shewen,mshewenbc@epa.gov,Female,Chinese,L,University of New South Wales
410,Deanna,Tredger,dtredgerbd@opera.com,Female,Argentinian,M,Izhevsk State Technical University
411,Bryan,Matovic,bmatovicbe@businessinsider.com,Male,Lumbee,3XL,Universidad Católica Cecilio Acosta
412,Rora,Yegorov,ryegorovbf@webnode.com,Female,Polynesian,3XL,"California State University, Hayward"
413,Loreen,Jacop,ljacopbg@bigcartel.com,Female,Filipino,2XL,Khomeinishahr Payame Noor University
414,Donnajean,Barks,dbarksbh@noaa.gov,Female,Chippewa,XL,Ajayi Crowther University
415,Jerrine,Vinden,jvindenbi@noaa.gov,Female,Colville,3XL,Universidad Autónoma de Entre Ríos
416,Jeanie,Peake,jpeakebj@abc.net.au,Female,Cree,M,Musashino Women's University
417,Adrian,Lambal,alambalbk@unblog.fr,Female,Indonesian,S,King Khaled University
418,Ignacio,Merriman,imerrimanbl@harvard.edu,Male,Native Hawaiian and Other Pacific Islander (NHPI),S,Ecole Centrale de Nantes
419,May,Dilloway,mdillowaybm@comcast.net,Female,Iroquois,3XL,Universidad del Museo Social Argentino
420,Jeanine,Halewood,jhalewoodbn@woothemes.com,Female,Tlingit-Haida,M,Universidad Abierta Interactiva
421,Fianna,Blaszkiewicz,fblaszkiewiczbo@un.org,Female,Chinese,M,University of Jan Evangelista Purkyne
422,Glen,Espinas,gespinasbp@unicef.org,Male,Melanesian,3XL,Sheffield Hallam University
423,Edsel,Dorkens,edorkensbq@go.com,Male,Eskimo,XL,University of Iceland
424,Mart,Heggman,mheggmanbr@hud.gov,Male,Cuban,2XL,"Dubna International University for Nature, Society and Man"
425,Robinia,Whyteman,rwhytemanbs@virginia.edu,Female,Native Hawaiian and Other Pacific Islander (NHPI),2XL,Gansu University of Technology
426,Monro,Shovel,mshovelbt@gov.uk,Male,White,M,Daffodil International University
427,Ransom,Jumonet,rjumonetbu@dailymail.co.uk,Male,Guatemalan,L,Université Hassan II - Mohammadia
428,Aldon,Piken,apikenbv@reference.com,Male,Latin American Indian,S,McGill University
429,Susanna,Twitchett,stwitchettbw@cpanel.net,Genderfluid,Panamanian,M,Universidad de Ciego de Avila
430,Jerry,Gebbe,jgebbebx@dell.com,Non-binary,Cree,XL,Hanyang University
431,Paulie,Dormon,pdormonby@bing.com,Male,Paraguayan,L,Texas A&M University - Galveston
432,Dall,Spurway,dspurwaybz@digg.com,Male,Menominee,L,University Centre of the Westfjords
433,Margarita,Alben,malbenc0@answers.com,Non-binary,Pima,M,Management and Science University
434,Perceval,Yatman,pyatmanc1@sciencedaily.com,Male,Navajo,M,Loyola Marymount University
435,Pietra,Lorens,plorensc2@webmd.com,Female,Tohono O'Odham,XL,Ryszard Lazarski University of Commerce and Law in Warsaw
436,Dick,Gobbett,dgobbettc3@comcast.net,Male,Argentinian,2XL,Cumberland University
437,Allistir,Possell,apossellc4@dailymotion.com,Male,Sri Lankan,XS,Thames Valley University
438,Conny,Raisher,craisherc5@umn.edu,Female,Lumbee,XL,Universitas Darma Agung
439,Minette,Ruprich,mruprichc6@opensource.org,Female,Laotian,M,Punjab Institute of Computer science
440,Simone,Brainsby,sbrainsbyc7@abc.net.au,Female,Kiowa,M,Beijing University of Science and Technology
441,Tanny,Blune,tblunec8@wufoo.com,Male,Salvadoran,M,"University of Korca ""Fan Noli"""
442,Doro,Sutherden,dsutherdenc9@usatoday.com,Female,Paiute,2XL,Tiraspol State University
443,Sydelle,Gaythwaite,sgaythwaiteca@wix.com,Female,Malaysian,XS,Universidad de las Américas - Puebla
444,Zeke,Halfacree,zhalfacreecb@weather.com,Male,Korean,S,Georgia Health Sciences University
445,Aubert,Twinborne,atwinbornecc@gnu.org,Male,Chilean,S,National Taipei University
446,Rani,Benneton,rbennetoncd@springer.com,Female,Filipino,XS,Ecole Supérieure de Commerce de Pau
447,Cordy,Hargate,chargatece@goodreads.com,Male,Mexican,S,Kanazawa Medical University
448,Mandel,Sedworth,msedworthcf@gmpg.org,Male,Honduran,3XL,University of Pretoria
449,Gayleen,Blakeman,gblakemancg@delicious.com,Female,Malaysian,XL,Universidad Nacional de Catamarca
450,Phyllys,Matasov,pmatasovch@twitter.com,Female,Mexican,XL,Staffordshire University
451,Idalia,Jorat,ijoratci@webs.com,Female,Pakistani,M,Universidad Santo Tomás
452,Salmon,Androsik,sandrosikcj@mashable.com,Male,Indonesian,2XL,Spring Hill College
453,Antoine,McQuilty,amcquiltyck@blinklist.com,Male,Puerto Rican,3XL,Tokyo Gakugei University
454,Alicia,Gomby,agombycl@sbwire.com,Female,Houma,3XL,Fachhochschule Lausitz
455,Lela,Hasluck,lhasluckcm@webmd.com,Female,Spaniard,3XL,Masaryk University
456,Colet,Hugett,chugettcn@liveinternet.ru,Male,Osage,XL,Iranian Academy of Persian Language and Literature
457,Monti,Bourdon,mbourdonco@aboutads.info,Male,Uruguayan,L,Prince Sultan College for Tourism and Hotel Scinces
458,Dag,Dukelow,ddukelowcp@godaddy.com,Male,Cree,XS,Bermuda College
459,Marrilee,Castillo,mcastillocq@wordpress.com,Female,Apache,L,University of Insurance and Banking in Warsaw
460,Madel,Longmuir,mlongmuircr@bigcartel.com,Polygender,Venezuelan,3XL,Diyala University
461,Harv,Gayter,hgaytercs@macromedia.com,Male,Nicaraguan,2XL,University of Northern Virginia
462,Emmett,Kop,ekopct@ox.ac.uk,Agender,Chamorro,S,Rheinisch Westfälische Technische Hochschule Aachen
463,Evy,Morris,emorriscu@is.gd,Female,Kiowa,L,Sikha 'O' Anushandhan University
464,Leon,Batrim,lbatrimcv@dedecms.com,Male,Tongan,XS,Universidad de Castilla La Mancha
465,Nora,Jerrolt,njerroltcw@elegantthemes.com,Female,Peruvian,S,Pukyong National University
466,Abelard,Overill,aoverillcx@printfriendly.com,Male,Venezuelan,S,Niigata Sangyo University
467,Bryan,Pipes,bpipescy@g.co,Male,South American,XL,Central Methodist College
468,Killy,Klement,kklementcz@is.gd,Male,Shoshone,XL,University of the Assumption
469,Ali,Conechie,aconechied0@census.gov,Male,Lumbee,XS,Universidad Metropolitana
470,Gert,Pirdy,gpirdyd1@eepurl.com,Female,Lumbee,XS,Ecole Nationale d'Architecture
471,Chicky,McCoish,cmccoishd2@blogspot.com,Female,Native Hawaiian,3XL,Chengdu Institute of Sichuan International Studies University
472,Haskel,Flowerden,hflowerdend3@ameblo.jp,Male,Bolivian,M,"Donghua University, Shanghai"
473,Mariam,Scholey,mscholeyd4@nymag.com,Female,Peruvian,L,University of Shiga Prefecture
474,Garnet,Borel,gboreld5@google.fr,Agender,Comanche,2XL,Oklahoma Baptist University
475,Clayborn,Beiderbecke,cbeiderbecked6@nature.com,Male,Yaqui,M,"Medical Faculty, Osh State University"
476,Nelson,MacGhee,nmacgheed7@phoca.cz,Non-binary,Colombian,S,Universidade Federal de Sergipe
477,Amos,Stiggers,astiggersd8@sohu.com,Male,Puerto Rican,M,Majmaah University
478,Valma,Tathacott,vtathacottd9@usda.gov,Female,Central American,2XL,Xi'an Academy of Fine Art
479,Nikkie,Corrigan,ncorriganda@independent.co.uk,Female,Comanche,XL,Zhanjiang Ocean University
480,Ancell,Sange,asangedb@163.com,Male,Dominican (Dominican Republic),XS,Australian Lutheran College
481,Jinny,Senussi,jsenussidc@seesaa.net,Female,Creek,3XL,"University of California, Los Angeles"
482,Stephanie,Cartledge,scartledgedd@ovh.net,Genderfluid,Choctaw,M,"Islamic Azad University, Mahshar"
483,Irwin,Gowling,igowlingde@ihg.com,Male,Chilean,2XL,Göteborg University
484,Kellina,Keepence,kkeepencedf@ameblo.jp,Female,Houma,L,Universidad Católica de Ávila
485,Farley,Crinion,fcriniondg@ustream.tv,Male,Eskimo,XL,Andhra University
486,Kathe,Steen,ksteendh@wiley.com,Female,Paiute,XL,Ramkhamhaeng University
487,Vivianne,Besnardeau,vbesnardeaudi@paginegialle.it,Female,Chinese,S,Universitas Dian Nuswantoro
488,Titos,Bront,tbrontdj@sina.com.cn,Male,Choctaw,S,Samara State University
489,Sonnnie,Peetermann,speetermanndk@yelp.com,Female,Shoshone,L,University of Agriculture Faisalabad
490,Jeanie,Turley,jturleydl@imageshack.us,Female,Salvadoran,L,Tashkent Islam University
491,Ferdie,Belliss,fbellissdm@so-net.ne.jp,Male,Black or African American,M,Botho University
492,Deeyn,Sotheby,dsothebydn@salon.com,Female,Costa Rican,3XL,Université Val-de-Marne (Paris XII)
493,Jorie,Kimble,jkimbledo@liveinternet.ru,Female,Seminole,XL,Khomeinishahr Payame Noor University
494,Hakeem,Skoyles,hskoylesdp@smh.com.au,Male,Potawatomi,2XL,Lagrange College
495,Graig,MacKettrick,gmackettrickdq@bing.com,Male,Asian Indian,M,Sri Venkateswara University
496,Stanfield,Vasilischev,svasilischevdr@europa.eu,Male,Cree,2XL,"Florida Metropolitan University, Fort Lauderdale College"
497,Jennette,Blundel,jblundelds@cam.ac.uk,Female,Alaska Native,S,Sullivan College
498,Nance,Boyen,nboyendt@google.de,Female,Osage,XL,Temple University Japan
499,Brucie,Arthan,barthandu@booking.com,Polygender,Blackfeet,L,"Evangelische Fachhochschule Freiburg, Hochschule für Soziale Arbeit, Diakonie und Religionspädagogik"
500,Regan,Hullett,rhullettdv@canalblog.com,Female,Delaware,3XL,Universidade Salgado de Oliveira
501,Maxie,Beetles,mbeetlesdw@a8.net,Male,Indonesian,3XL,Fachhochschulstudiengänge der Wiener Wirtschaft
502,Shamus,Covotti,scovottidx@ifeng.com,Male,Puget Sound Salish,L,Universidad de Castilla La Mancha
503,Lowrance,Bullan,lbullandy@reddit.com,Male,Mexican,XS,Southern Vermont College
504,Griswold,Britto,gbrittodz@npr.org,Male,Fijian,L,Université de Kolwezi
505,Vicky,Gamwell,vgamwelle0@netvibes.com,Female,Shoshone,3XL,University of Mosul
506,Wang,Lindner,wlindnere1@youku.com,Male,Salvadoran,M,University of New Mexico
507,Emelita,Kira,ekirae2@sitemeter.com,Female,Bangladeshi,M,Khalifa University
508,Reynolds,Manketell,rmanketelle3@tmall.com,Male,Latin American Indian,M,Universidad Nacional de Tucumán
509,Padgett,Merriton,pmerritone4@phoca.cz,Male,Cherokee,2XL,Ross University Caribbean School of Medicine
510,Kalle,Bariball,kbariballe5@studiopress.com,Polygender,Laotian,3XL,Universidade Candido Mendes
511,Elvis,Scholfield,escholfielde6@comcast.net,Male,Peruvian,L,Ecole Nationale Vétérinaire de Nantes
512,Tim,McCooke,tmccookee7@wordpress.com,Male,Blackfeet,3XL,Baldwin-Wallace College
513,Frederica,Gatiss,fgatisse8@webnode.com,Female,Menominee,XS,Western University
514,Kevin,Fligg,kfligge9@techcrunch.com,Male,Bangladeshi,M,Pontificia Università della Santa Croce
515,Corina,Bette,cbetteea@nytimes.com,Female,Colville,2XL,Mississippi University for Women
516,Lexine,Chismon,lchismoneb@unicef.org,Female,Chilean,3XL,Penang International Dental College
517,Gretchen,Huish,ghuishec@google.es,Female,Ecuadorian,L,Alderson Broaddus College
518,Arni,Lavalde,alavaldeed@uiuc.edu,Male,Spaniard,2XL,Northern Caribbean University
519,Farrel,Crack,fcrackee@ucsd.edu,Male,Lumbee,L,University of Pecs
520,Kermie,Duffet,kduffetef@github.io,Male,Latin American Indian,L,Arab European University
521,Min,Fedder,mfeddereg@usda.gov,Female,Shoshone,L,Umea University
522,Titus,Di Francesco,tdifrancescoeh@yale.edu,Non-binary,Crow,L,Yildiz Technical University
523,Vincent,Sword,vswordei@purevolume.com,Male,Potawatomi,M,Moravian College
524,See,Wedgbrow,swedgbrowej@taobao.com,Male,Lumbee,3XL,Wuyi University
525,Charleen,Wann,cwannek@e-recht24.de,Female,Eskimo,XL,Shihezi University 
526,Phyllys,Jannasch,pjannaschel@columbia.edu,Female,Guatemalan,2XL,Dutch Delta University
527,Anabelle,Congram,acongramem@adobe.com,Female,Korean,XS,Far Eastern State University
528,Zedekiah,Friar,zfriaren@e-recht24.de,Male,Chinese,XL,Universidad Católica de Colombia
529,Corinna,Friday,cfridayeo@addthis.com,Female,Yuman,M,Wakkanai Hokusei Gakuen University
530,Rustin,Buckthorpe,rbuckthorpeep@imdb.com,Male,Eskimo,M,Irkutsk State University
531,Gerard,Grzeskowski,ggrzeskowskieq@rakuten.co.jp,Male,Crow,2XL,Nagasaki Institute of Applied Science
532,Berri,Brise,bbriseer@g.co,Female,Crow,3XL,Huafan University
533,Kristin,Fittall,kfittalles@wordpress.com,Female,Native Hawaiian,M,Atlanta Christian College
534,Salomo,Crepin,screpinet@mapquest.com,Male,Chinese,2XL,Andon College - Modesto
535,Margery,Ghest,mghesteu@quantcast.com,Female,Taiwanese,3XL,Universidad Autónoma Juan Misael Saracho
536,Inge,Alphege,ialphegeev@shutterfly.com,Female,Venezuelan,L,"Islamic Azad University, Varamin"
537,Brandie,Elliman,bellimanew@ebay.com,Female,Melanesian,S,Université des Montagnes
538,Lani,Pieche,lpiecheex@goo.gl,Female,Tongan,2XL,Poznan University of Life Sciences
539,Fanny,McKain,fmckainey@google.com.hk,Female,Cree,3XL,Tshwane University of Technology
540,Bette,Ocklin,bocklinez@tinypic.com,Female,Samoan,M,Fachhochschulstudiengänge der Wiener Wirtschaft
541,Aldis,Margett,amargettf0@facebook.com,Male,Paraguayan,S,Ural State Technical University
542,Nert,Brech,nbrechf1@twitter.com,Female,Sri Lankan,S,Fukuoka Women's University
543,Delmor,Muccino,dmuccinof2@hatena.ne.jp,Male,Pakistani,XL,Cape Coast Polytechnic 
544,Iorgo,Moggan,imogganf3@theguardian.com,Male,Korean,M,Villa Julie College
545,Curr,Moral,cmoralf4@icq.com,Male,Delaware,XL,Chubu University
546,Mannie,Ganing,mganingf5@live.com,Male,Native Hawaiian,M,Monash University
547,Chevy,Brownfield,cbrownfieldf6@dailymail.co.uk,Male,Paiute,XL,Central Methodist College
548,Augustine,Dive,adivef7@hibu.com,Genderfluid,Asian,XL,Hood College
549,Marielle,Caff,mcafff8@netscape.com,Female,Asian Indian,S,Visvesvaraya National Institute of Technology
550,Guthrie,Commin,gcomminf9@over-blog.com,Male,Colombian,XL,United States Merchant Marine Academy
551,Shawnee,MacTrustram,smactrustramfa@a8.net,Female,Melanesian,M,University of Veterinary Medicine in Kosice
552,Lucinda,Symmons,lsymmonsfb@blogs.com,Female,Japanese,M,University of Massachusetts (System)
553,Arlette,Havoc,ahavocfc@wired.com,Non-binary,Bangladeshi,M,"University of Maine, Augusta"
554,Kym,Griffithe,kgriffithefd@harvard.edu,Polygender,Yakama,3XL,Central America Health Sciences University (Belize Medical College)
555,Hedi,Mahomet,hmahometfe@edublogs.org,Female,South American,2XL,Juntendo University
556,Heath,Donet,hdonetff@sakura.ne.jp,Male,Peruvian,XS,Universidad Nacional del Comahue
557,Kimberlee,Peniman,kpenimanfg@mysql.com,Female,Ute,XL,Universidad de Oriente
558,Paton,Maps,pmapsfh@aol.com,Male,Crow,XL,Redeemer College
559,Codee,Rosina,crosinafi@rakuten.co.jp,Female,Seminole,XL,Pillsbury Baptist Bible College
560,Jan,Causbey,jcausbeyfj@sciencedirect.com,Male,Polynesian,XS,National University of Ostroh Academy
561,Erich,Thal,ethalfk@oaic.gov.au,Male,Central American,XL,"DeVry Institute of Technology, DuPage"
562,Linc,Mitie,lmitiefl@archive.org,Male,Cuban,3XL,Laurus Technical Institute
563,Meghan,Link,mlinkfm@tiny.cc,Female,Polynesian,L,Sadjad Institute of Technology
564,Fredric,Snowden,fsnowdenfn@tripod.com,Male,Cuban,2XL,Portland Community College
565,Lian,Butland,lbutlandfo@reference.com,Female,Crow,2XL,Academy of Economics in Katowice
566,Norrie,Binnion,nbinnionfp@eventbrite.com,Female,Native Hawaiian,L,Baghyatoolah Medical Sciences University
567,Lanae,Ucceli,luccelifq@nih.gov,Female,Bolivian,2XL,National Theatre Conservatory
568,Samaria,Ringham,sringhamfr@unc.edu,Female,Apache,L,Oriental University
569,Mart,McLorinan,mmclorinanfs@pinterest.com,Male,Polynesian,3XL,Leyte Normal University
570,Alexandro,Kinsley,akinsleyft@prlog.org,Male,Asian Indian,XS,College of St. Elizabeth
571,Angus,Jotcham,ajotchamfu@skyrock.com,Male,Tlingit-Haida,2XL,Rhodes College
572,Valentino,Tripean,vtripeanfv@wikimedia.org,Genderfluid,Latin American Indian,XL,Tohoku Institute of Technology
573,Goldi,Agney,gagneyfw@mozilla.org,Female,Sri Lankan,2XL,Semyung University
574,Hy,Taylo,htaylofx@geocities.com,Male,Mexican,M,Delta International University
575,Theobald,Aldie,taldiefy@trellian.com,Male,Puget Sound Salish,2XL,University of West Los Angeles
576,Ellis,Ramble,eramblefz@domainmarket.com,Male,South American,2XL,Technical University of Warsaw
577,Jemima,De Carteret,jdecarteretg0@360.cn,Female,Panamanian,M,Instituto Politécnico de Santarém
578,Fabian,Brok,fbrokg1@eventbrite.com,Male,Pueblo,2XL,Millersville University of Pennsylvania
579,Yolanda,Dymocke,ydymockeg2@dagondesign.com,Non-binary,Ottawa,3XL,Kent State University - Salem
580,Alvinia,Hayto,ahaytog3@irs.gov,Female,Yuman,3XL,Chengdu University of Traditional Chinese Medicine
581,Teodoor,Sutworth,tsutworthg4@uol.com.br,Male,Spaniard,XS,University of Mosul
582,Kirsten,Allerton,kallertong5@wp.com,Female,Laotian,XL,Lorestan University of Medical Sciences
583,Fallon,Forbes,fforbesg6@yandex.ru,Female,Bolivian,3XL,The Scripps Research Institute
584,Adelheid,Akenhead,aakenheadg7@apache.org,Female,Nicaraguan,2XL,Universitat Jaume I de Castellón
585,Thomasa,Lasty,tlastyg8@amazon.co.uk,Female,Lumbee,3XL,Kabul Medical University
586,Bertram,Sabater,bsabaterg9@surveymonkey.com,Male,Dominican (Dominican Republic),S,Ulyanovsk State Technical University
587,Brooke,Baine,bbainega@mit.edu,Female,Cherokee,S,State University of New York at Stony Brook
588,Bank,Edlestone,bedlestonegb@whitehouse.gov,Male,Eskimo,3XL,University of Fribourg
589,Jillene,Noriega,jnoriegagc@oaic.gov.au,Female,Taiwanese,3XL,University of Wolverhampton
590,Ozzie,Braidwood,obraidwoodgd@netscape.com,Male,Alaska Native,2XL,Tokyo Gakugei University
591,Jerrie,Piscopello,jpiscopelloge@auda.org.au,Male,Cherokee,2XL,Universidad Lasallista Benavente
592,Ada,Wrist,awristgf@infoseek.co.jp,Female,Colville,XS,Siam Technology College
593,Kellsie,Schuler,kschulergg@prweb.com,Female,Cuban,XS,Tashkent Medical Academy
594,Delilah,Labrom,dlabromgh@hc360.com,Bigender,Chippewa,S,Dalian Martime University
595,Dawn,Ganderton,dgandertongi@cnbc.com,Non-binary,Panamanian,XS,Universidad El Bosque
596,Justin,Brindle,jbrindlegj@spotify.com,Male,Thai,M,Virginia Intermont College
597,Mirabelle,Maghull,mmaghullgk@flickr.com,Female,Colville,M,Mizan Tepi University
598,Wain,Itzkovici,witzkovicigl@umn.edu,Male,Cree,S,Kaunas University of Technology
599,Findley,Bather,fbathergm@dailymail.co.uk,Male,Colombian,3XL,London College of Science & Technology
600,Farrand,Caulcott,fcaulcottgn@blogs.com,Female,Argentinian,XS,Universidad de Huelva
601,Mona,Beecroft,mbeecroftgo@photobucket.com,Genderqueer,Creek,2XL,Kannur University
602,Ofella,Hitchens,ohitchensgp@house.gov,Bigender,Kiowa,2XL,Gunma Prefectural Women's University
603,Kennan,Onions,konionsgq@smugmug.com,Male,Thai,3XL,Medical Academy in Gdansk
604,Dick,Cator,dcatorgr@alexa.com,Male,Bolivian,L,Sultan Azlan Shah Polytechnic 
605,Loy,Mansion,lmansiongs@scribd.com,Male,Central American,L,Point Loma Nazarene College
606,Donnie,Wakeham,dwakehamgt@livejournal.com,Male,Pima,XL,Bahrain Polytechnic
607,Nessy,Beards,nbeardsgu@toplist.cz,Female,Native Hawaiian,3XL,Voronezh State Agricultural University
608,Sherwin,Hobden,shobdengv@europa.eu,Male,Guamanian,S,University of Management & Technology
609,Algernon,Beany,abeanygw@csmonitor.com,Male,Sri Lankan,S,Agder University College
610,Fawn,Rasp,fraspgx@studiopress.com,Female,Native Hawaiian,3XL,Seowon University
611,Gisele,Hardeman,ghardemangy@zdnet.com,Female,Puget Sound Salish,3XL,Mansfield University of Pennsylvania
612,Jake,Burgon,jburgongz@reverbnation.com,Non-binary,Ute,XS,Universitas Islam Sumatera Utara
613,Thorsten,Lacky,tlackyh0@go.com,Male,Chippewa,3XL,Hanoi Open University
614,Malissia,Mabee,mmabeeh1@webnode.com,Female,Japanese,3XL,IE University
615,Humberto,Sedge,hsedgeh2@businessinsider.com,Male,Bolivian,L,Moravian College
616,Kacey,Farnell,kfarnellh3@youtu.be,Female,Fijian,S,CETYS Universidad
617,Cori,Pomphrey,cpomphreyh4@ezinearticles.com,Female,Hmong,S,Greenheart Medical School
618,Donovan,Whitloe,dwhitloeh5@oaic.gov.au,Male,Micronesian,XL,South Bank University
619,Cacilia,Diviny,cdivinyh6@icq.com,Female,Navajo,XS,Utsunomiya University
620,Richy,Forsdicke,rforsdickeh7@senate.gov,Male,Tongan,M,Njala University
621,Lottie,Piwall,lpiwallh8@who.int,Non-binary,Nicaraguan,L,National American University
622,Rivi,Klaaasen,rklaaasenh9@fema.gov,Female,Kiowa,XS,Chengdu University
623,Teodor,De Mitris,tdemitrisha@hibu.com,Male,Pakistani,2XL,University of Liberia
624,Britt,Cregan,bcreganhb@delicious.com,Female,Indonesian,2XL,Universiti Tun Abdul Razak
625,Skye,Castells,scastellshc@google.ru,Male,Panamanian,2XL,Kannada University
626,Eleni,Boater,eboaterhd@blog.com,Female,Samoan,M,East Delta University
627,Bondon,Rounding,broundinghe@unc.edu,Male,Blackfeet,S,Universidad de Valencia
628,Silvain,Willgoss,swillgosshf@miitbeian.gov.cn,Male,Peruvian,3XL,"Universidad Laica ""Eloy Alfaro"" de Manabi"
629,Lisha,Janovsky,ljanovskyhg@symantec.com,Female,Kiowa,XS,Universidad Nacional de Santiago del Estero
630,Clayson,McKay,cmckayhh@altervista.org,Male,Uruguayan,M,State University of New York at Oswego
631,Lion,Dionsetto,ldionsettohi@csmonitor.com,Male,Cheyenne,L,DIPLOMA-Fachhochschule Ölsnitz/Vogtland
632,Rebe,Dugald,rdugaldhj@meetup.com,Female,Navajo,M,California State Polytechnic University - Pomona
633,Rafe,Kauschke,rkauschkehk@behance.net,Polygender,Ecuadorian,3XL,Tri-College University
634,Dal,Speedy,dspeedyhl@123-reg.co.uk,Male,Melanesian,XL,Nara Sangyo University
635,Abie,Woodruff,awoodruffhm@prweb.com,Male,Bolivian,M,"Teachers College, Columbia University"
636,Garth,Garwell,ggarwellhn@whitehouse.gov,Male,Venezuelan,2XL,"University of Toronto, Mississauga"
637,Shellie,Wisson,swissonho@alexa.com,Female,Pima,XL,Universidad de Murcia
638,Rosemarie,Girvin,rgirvinhp@ifeng.com,Female,Aleut,3XL,Westfälische Wilhelms-Universität Münster
639,Lavinie,Domenico,ldomenicohq@example.com,Female,Central American,L,Universidad Central de Nicaragua
640,Tersina,Idwal Evans,tidwalevanshr@liveinternet.ru,Female,Thai,S,Liaoning Normal University
641,Lissie,Kagan,lkaganhs@digg.com,Female,Nicaraguan,S,"Fachhochschule Stuttgart, Hochschule der Medien"
642,Garreth,Tennewell,gtennewellht@tinyurl.com,Male,Peruvian,2XL,Silesian Technical University of Gliwice
643,Harv,Brickham,hbrickhamhu@earthlink.net,Male,Ute,2XL,Instituto Superior de Psicologia Aplicada
644,Mariejeanne,Dugall,mdugallhv@aboutads.info,Female,Pima,3XL,Ecole Nationale Supérieure des Industries Chimiques de Nancy
645,Duffie,Empringham,dempringhamhw@surveymonkey.com,Male,Puerto Rican,L,Randolph-Macon College
646,Moshe,Lashley,mlashleyhx@domainmarket.com,Male,Mexican,XL,Bloomsburg University of Pennsylvania
647,Burk,Casson,bcassonhy@hibu.com,Male,Korean,3XL,Tyumen State Agricultural Academy
648,Francois,Blessed,fblessedhz@nyu.edu,Male,Shoshone,L,"Johns Hopkins University, SAIS Bologna Center"
649,Barris,Lorek,bloreki0@surveymonkey.com,Male,Crow,XL,Harding University
650,Aimil,Samwayes,asamwayesi1@npr.org,Female,Dominican (Dominican Republic),2XL,Universidad Autonoma del Sur
651,Natka,Huison,nhuisoni2@wikipedia.org,Female,Yakama,S,Jimma University
652,Otes,Pettersen,opetterseni3@businesswire.com,Male,Black or African American,XS,Nizhny Novgorod State Academy of Medicine
653,Bobbe,Lobley,blobleyi4@howstuffworks.com,Female,Bangladeshi,XL,Indira Gandhi Agricultural University
654,Consolata,Tallquist,ctallquisti5@tumblr.com,Genderqueer,Creek,2XL,University of Kashmir
655,Abramo,Brunini,abruninii6@hao123.com,Male,Chinese,S,Rikkyo University (St. Paul's University)
656,Geno,Skiplorne,gskiplornei7@prlog.org,Male,Colombian,L,Postgraduate Institute of Agriculture (PGIA)
657,Hirsch,Carah,hcarahi8@liveinternet.ru,Male,Spaniard,M,"Universidad Interamericana de Puerto Rico, San Germán"
658,Eveleen,Ruos,eruosi9@si.edu,Female,Colville,M,Egerton University
659,Kellen,Sandwich,ksandwichia@cnn.com,Female,Black or African American,M,Payame Noor University
660,Phelia,Isabell,pisabellib@purevolume.com,Female,Cheyenne,2XL,Pedagogical University of Rzeszow
661,Korry,Beefon,kbeefonic@1688.com,Female,Cree,L,Macalester College
662,Tailor,Hillhouse,thillhouseid@japanpost.jp,Male,Costa Rican,S,Private Fachhochschule Göttingen
663,Maurine,O'Shee,mosheeie@businessweek.com,Female,Iroquois,L,Wuhan Automobile Polytechnical University
664,Sunny,Vasilyev,svasilyevif@si.edu,Male,Honduran,S,Universiteit Doesburg (UNDO)
665,Neilla,Chat,nchatig@plala.or.jp,Female,Pueblo,3XL,"Allahabad Agricultural Institute, Deemed University"
666,Aurlie,Deevey,adeeveyih@list-manage.com,Female,Chilean,S,Universidad del Quindío
667,Herby,Simonnot,hsimonnotii@nasa.gov,Agender,Cuban,XS,Zhengzhou Grain University
668,Miquela,Hinrichsen,mhinrichsenij@4shared.com,Female,Latin American Indian,L,Fine Arts Academy in Katowice
669,Jameson,Matveiko,jmatveikoik@wired.com,Male,Pueblo,3XL,Guangdong Polytechnic Normal University
670,Rance,Clucas,rclucasil@quantcast.com,Male,Central American,L,Theatre Academy Finland
671,Halli,Forrestill,hforrestillim@tiny.cc,Female,Menominee,S,Universidad Xicotepetl
672,Leoline,Hamlet,lhamletin@e-recht24.de,Female,Creek,S,"Royal Danish Academy of Fine Arts, School of Architecture"
673,Issie,Hynes,ihynesio@earthlink.net,Female,Crow,S,Universidad de San Miguel
674,Rhiamon,Seddon,rseddonip@digg.com,Female,Venezuelan,XL,National American University
675,Lizabeth,Petcher,lpetcheriq@bizjournals.com,Non-binary,Apache,L,Yosu National University
676,Ruddy,Mingard,rmingardir@w3.org,Male,Melanesian,L,Belgorod State Technical University
677,Kat,Masserel,kmasserelis@yale.edu,Female,Fijian,L,Glion Institute of Higher Education
678,Sergio,Pladen,spladenit@sciencedaily.com,Male,Nicaraguan,M,Nirma University
679,Jaymie,Atte-Stone,jattestoneiu@hexun.com,Male,Fijian,M,"Islamic Azad University, Roodehen"
680,Lavina,Python,lpythoniv@un.org,Agender,Puerto Rican,3XL,Universidad Nacional Pedro Ruíz Gallo
681,Matty,Ahmad,mahmadiw@kickstarter.com,Female,Black or African American,XL,Universidade Estadual de Maringá
682,Carmelita,Revance,crevanceix@fc2.com,Female,Delaware,XL,University of Mashhad Pnu
683,Charlton,Rickett,crickettiy@cpanel.net,Male,Polynesian,3XL,University of World Economy and Diplomacy
684,Cammie,Grayley,cgrayleyiz@cam.ac.uk,Female,Yuman,L,Adventist University of Africa
685,Augustina,Enrrico,aenrricoj0@cornell.edu,Female,Cree,2XL,Third University of Rome
686,Gordan,Lampet,glampetj1@fastcompany.com,Male,Menominee,XS,"Royal College of Music, University of London"
687,Michele,Pegler,mpeglerj2@huffingtonpost.com,Male,Filipino,XL,Khulna University
688,Danyelle,Meekin,dmeekinj3@amazon.com,Female,Creek,3XL,NTI University
689,Dickie,Meriguet,dmeriguetj4@google.it,Male,Indonesian,L,Ecole Nationale Supérieure de Physique de Marseille
690,Sharon,McKeveney,smckeveneyj5@businesswire.com,Female,Indonesian,3XL,Universidad Nacional de Luján
691,Kristopher,Piggin,kpigginj6@sciencedirect.com,Male,Costa Rican,XS,Napier University
692,Wang,Pocke,wpockej7@cbc.ca,Male,Alaskan Athabascan,M,Universidad Austral de Chile
693,Miller,Fawlkes,mfawlkesj8@ezinearticles.com,Male,Paraguayan,XS,Faulkner University
694,Annis,Nafzger,anafzgerj9@weibo.com,Genderfluid,Pakistani,2XL,Guilan University
695,Danya,Tofpik,dtofpikja@facebook.com,Male,Lumbee,S,Instituto Tecnológico de León
696,Didi,Lope,dlopejb@techcrunch.com,Female,Chamorro,XL,"Universidad Laica ""Eloy Alfaro"" de Manabi"
697,Joly,Pimmocke,jpimmockejc@princeton.edu,Female,Peruvian,S,American University of Antigua
698,Carmella,Mewburn,cmewburnjd@howstuffworks.com,Female,Blackfeet,M,St. Petersburg State University of Technology and Design
699,Milli,Moring,mmoringje@mashable.com,Female,Chippewa,XL,Jiwaji University
700,Alexandro,Guiett,aguiettjf@sourceforge.net,Male,Creek,L,University of Otago
701,Fredelia,Versey,fverseyjg@cbslocal.com,Female,Cree,XS,Alahgaff University
702,Florrie,Jacobbe,fjacobbejh@state.tx.us,Female,Yakama,XS,Universidad Internacional de las Américas
703,Juliann,Paulson,jpaulsonji@redcross.org,Female,Laotian,S,Ateneo de Davao University
704,Stefania,Shirland,sshirlandjj@va.gov,Female,Tohono O'Odham,XL,"Islamic Azad University, Janah"
705,Eyde,Ladyman,eladymanjk@twitpic.com,Female,Aleut,3XL,Universidad de Oviedo
706,Adamo,Haller,ahallerjl@cbc.ca,Agender,Venezuelan,L,Stevens Institute of Technology
707,Josh,Maving,jmavingjm@noaa.gov,Male,White,3XL,University of Ruhuna
708,Gelya,Currom,gcurromjn@t.co,Female,Alaska Native,3XL,Agricultural University of Lublin
709,Bastien,Pywell,bpywelljo@slideshare.net,Male,Peruvian,XL,Al-Eman University
710,Dulciana,Miliffe,dmiliffejp@unicef.org,Female,Chilean,S,Soochow University
711,Lia,Lait,llaitjq@sourceforge.net,Female,Venezuelan,M,Fresno City College
712,Maury,Vasishchev,mvasishchevjr@histats.com,Male,Potawatomi,2XL,Steinbeis-Hochschule-Berlin
713,Evelyn,Chomicki,echomickijs@cornell.edu,Male,American Indian and Alaska Native (AIAN),XL,Kobe Women's University
714,Munmro,Pilmer,mpilmerjt@netvibes.com,Non-binary,Kiowa,L,Taisho University
715,Udale,Frankom,ufrankomju@jimdo.com,Male,American Indian,3XL,Staszic Pila College
716,Tansy,Wagnerin,twagnerinjv@chicagotribune.com,Female,Chilean,S,Ho Chi Minh City University of Foreign Languages and Information Technology
717,Tades,Cosgreave,tcosgreavejw@answers.com,Male,Ute,XL,Universidade Regional de Blumenau
718,Consuela,Moseley,cmoseleyjx@buzzfeed.com,Female,Central American,S,Universidad Antonio Nariño
719,Marvin,Thurlborn,mthurlbornjy@cdc.gov,Male,Bangladeshi,XS,Universidad Francisco de Aguirre
720,Kare,Morando,kmorandojz@ed.gov,Polygender,Puget Sound Salish,2XL,Wesley College
721,Merell,Ivy,mivyk0@uiuc.edu,Male,Crow,3XL,Universidad Autónoma de Aguascalientes
722,Hanan,Tatlow,htatlowk1@paginegialle.it,Male,Potawatomi,S,Whitman College
723,Kele,Corbyn,kcorbynk2@ebay.com,Male,Apache,2XL,Widener University
724,Bernice,Rosenau,brosenauk3@engadget.com,Female,Melanesian,M,Ecole Nationale Supérieure du Pétrole et des Monteurs
725,Sax,Beadle,sbeadlek4@boston.com,Male,Polynesian,L,Cyprus International University
726,Rakel,Boldry,rboldryk5@vinaora.com,Female,Cuban,2XL,Karachi School of Art
727,Druci,Monelli,dmonellik6@pagesperso-orange.fr,Female,Blackfeet,2XL,Polytechnic Institute of Bari
728,Freddie,Fronsek,ffronsekk7@joomla.org,Male,American Indian and Alaska Native (AIAN),3XL,Agricultural University of Plovdiv
729,Perrine,Spehr,pspehrk8@usda.gov,Female,Alaska Native,XS,Franciscan University of Steubenville
730,Carolyne,Earney,cearneyk9@cbc.ca,Female,Uruguayan,2XL,University of Hawaii - Hilo
731,Galina,Beenham,gbeenhamka@irs.gov,Female,Argentinian,L,Kansai University of Social Welfare
732,Carmela,Cullimore,ccullimorekb@intel.com,Female,Seminole,3XL,Assiut University
733,Gordon,Bolwell,gbolwellkc@economist.com,Male,Spaniard,M,Brno University of Technology
734,Farlee,Powelee,fpoweleekd@princeton.edu,Male,Puerto Rican,L,St. Anselm College
735,Zorina,Ferrulli,zferrullike@barnesandnoble.com,Female,Nicaraguan,XL,Vitebsk State University
736,Storm,Ransfield,sransfieldkf@msu.edu,Female,Yuman,S,Institut Textile et Chimique de Lyon
737,Shina,Antoni,santonikg@lycos.com,Genderqueer,Cuban,3XL,Universidad de Sucre
738,Ferguson,Lapthorn,flapthornkh@mayoclinic.com,Male,Potawatomi,S,University of Oklahoma Health Sciences Center
739,Syman,O'Mohun,somohunki@ucoz.com,Male,Pakistani,3XL,Universidad de Cienfuegos
740,Idaline,Farndale,ifarndalekj@qq.com,Female,Argentinian,L,Université de Caen Basse Normandie
741,Mort,Scrowton,mscrowtonkk@shop-pro.jp,Male,Korean,L,International University of Kyrgyzstan
742,Loutitia,Matys,lmatyskl@upenn.edu,Female,Uruguayan,XL,Hebei Agricultural University
743,Madalena,Godfray,mgodfraykm@bing.com,Female,Micronesian,2XL,Patuakhali Science and Technology University
744,Dannye,Swaffer,dswafferkn@yale.edu,Female,Sioux,2XL,St. Luke' s College of Nursing
745,Andras,Clemon,aclemonko@godaddy.com,Male,Puerto Rican,L,University of Nueva Caceres
746,Ervin,Dennehy,edennehykp@amazon.co.jp,Male,Black or African American,L,Nanjing Agricultural University
747,Werner,Benedict,wbenedictkq@pagesperso-orange.fr,Male,Menominee,XL,China University of Mining Technology - Beijing
748,Dahlia,Wandrich,dwandrichkr@github.io,Female,Thai,XS,Dawat University
749,Marcie,Lineker,mlinekerks@nbcnews.com,Female,Potawatomi,S,American Indian College
750,Randy,Francecione,rfrancecionekt@forbes.com,Female,Paraguayan,2XL,Marshall University
751,Roxane,Veltmann,rveltmannku@1688.com,Female,South American,XL,Saratov State Medical University
752,Tan,Crofts,tcroftskv@tripod.com,Male,Puget Sound Salish,S,Brigham Young University
753,Shelley,Cutmare,scutmarekw@sphinn.com,Male,Creek,3XL,Moscow State Academy of Applied Biotechnology
754,Lon,Sibille,lsibillekx@storify.com,Male,Central American,L,Blue Nile University
755,Valera,Vasyushkhin,vvasyushkhinky@webnode.com,Female,Tongan,M,AISECT University
756,Pyotr,Brauninger,pbrauningerkz@google.co.jp,Male,Salvadoran,XL,University of Nebraska - Omaha
757,Brittan,Geharke,bgeharkel0@google.it,Female,Alaska Native,M,Valparaiso University
758,Wynn,Yegorev,wyegorevl1@booking.com,Female,Panamanian,XS,Centenary College
759,Margeaux,Hevey,mheveyl2@unblog.fr,Female,Costa Rican,2XL,Ohio University - Zanesville
760,Parnell,Cattow,pcattowl3@imdb.com,Male,Chinese,XS,Medical Academy in Bialystok
761,Atalanta,Waskett,awaskettl4@omniture.com,Female,Bolivian,L,Institución Universitaria Iberoamericana
762,Jacky,Durbann,jdurbannl5@google.es,Male,Samoan,XL,Huazhong Agricultural University
763,Gianna,Sarson,gsarsonl6@fc2.com,Bigender,Osage,XL,Sabanci University
764,Sayre,Bootell,sbootelll7@twitter.com,Male,Yakama,2XL,Technische Universität Dresden
765,Cherilynn,Barkley,cbarkleyl8@gizmodo.com,Female,Dominican (Dominican Republic),2XL,Universidad Abierta Para Adultos
766,Mellie,Meneghi,mmeneghil9@squidoo.com,Female,Mexican,3XL,Boricua College
767,Gayelord,Daly,gdalyla@google.com.au,Male,Japanese,2XL,Mohi-ud-Din Islamic University
768,Marius,Bortolotti,mbortolottilb@chron.com,Male,Osage,XS,California School of Professional Psychology - San Diego
769,Shell,Hasloch,shaslochlc@about.me,Male,Nicaraguan,XL,Ecole Nationale Supérieure de Techniques Avancées
770,Martin,Tewkesbury,mtewkesburyld@nasa.gov,Male,Paiute,XL,Universidad La Republica
771,Thor,Giacubbo,tgiacubbole@ihg.com,Male,Alaskan Athabascan,S,Universidad Andina Simón Bolivar
772,Desmond,Jendrach,djendrachlf@clickbank.net,Male,Blackfeet,M,Libera Università degli Studi di Scienze Umane e Tecnologiche
773,Holden,Ghost,hghostlg@guardian.co.uk,Male,Alaskan Athabascan,XL,Fachhochschule Lausitz
774,Gherardo,Grote,ggrotelh@cornell.edu,Male,Cheyenne,2XL,Universidad de Cádiz
775,Itch,Machel,imachelli@google.de,Male,Crow,M,Louisiana State University Health Sciences Center New Orleans
776,Danyelle,Maddra,dmaddralj@reddit.com,Female,Korean,S,University of Berne
777,Powell,Sainte Paul,psaintepaullk@fastcompany.com,Male,Chickasaw,S,University of the Free State
778,Livvyy,Barnewille,lbarnewillell@newyorker.com,Female,Uruguayan,2XL,Technische Universität Graz
779,Connor,Alliband,callibandlm@cyberchimps.com,Male,American Indian,2XL,Universidad San Francisco de Quito
780,Dasi,Labes,dlabesln@jalbum.net,Female,Iroquois,M,Hokkaido Information University
781,Leigh,Salter,lsalterlo@examiner.com,Female,Costa Rican,S,Lesley University
782,Mendie,Piegrome,mpiegromelp@t.co,Male,Creek,XL,"Islamic Azad University, North Tehran"
783,Gery,Evered,geveredlq@irs.gov,Male,Peruvian,M,Wollo University
784,Ashlee,Humby,ahumbylr@blogtalkradio.com,Female,Tongan,XL,South Gujarat University
785,Boycey,Renwick,brenwickls@ustream.tv,Male,Paiute,L,Thomas University
786,Damian,Raywood,draywoodlt@wunderground.com,Male,Korean,XS,Universitas Muhammadiyah Surakarta
787,Ashley,Mitchel,amitchellu@cmu.edu,Non-binary,Asian Indian,3XL,Shanghai Dainji University
788,Chalmers,Scurr,cscurrlv@hexun.com,Male,Navajo,L,Morioka College
789,Alisha,Ashley,aashleylw@digg.com,Female,Osage,XS,Columbus State University
790,Hazel,Lally,hlallylx@yahoo.co.jp,Male,Tohono O'Odham,XL,Karunya Institute Of Technology ( Deemed University)
791,Ania,O'Howbane,aohowbanely@reddit.com,Female,Black or African American,3XL,Universidade Federal do Rio de Janeiro
792,Augustin,Pancast,apancastlz@ow.ly,Male,Paraguayan,XS,Cleveland Institute of Art
793,Prisca,Starsmeare,pstarsmearem0@imageshack.us,Female,Cuban,2XL,University of Groningen
794,Amble,Briscoe,abriscoem1@squarespace.com,Male,White,M,Hochschule Coburg
795,Max,Channing,mchanningm2@merriam-webster.com,Male,Apache,L,Diyala University
796,Maximo,McAughtry,mmcaughtrym3@xinhuanet.com,Male,Vietnamese,3XL,"St. Francis College, Loretto"
797,Pablo,Mattioli,pmattiolim4@gnu.org,Male,Korean,M,Ariel University Center of Samaria
798,Janella,Yearne,jyearnem5@foxnews.com,Female,Pakistani,L,Ching Kuo Institue of Management & Health
799,Vernice,McKelvie,vmckelviem6@networkadvertising.org,Female,Chickasaw,XS,Universidad de Valladolid
800,Irena,Petrak,ipetrakm7@netlog.com,Female,Mexican,S,Orenburg State University
801,Nydia,Golland,ngollandm8@unicef.org,Female,Alaskan Athabascan,M,Universidad NUR
802,Adolf,Tower,atowerm9@dmoz.org,Male,Filipino,3XL,German University in Cairo
803,Millie,Strettell,mstrettellma@arstechnica.com,Female,White,M,Technical University of Denmark
804,Devon,Stansell,dstansellmb@ucla.edu,Female,Ecuadorian,M,Wirtschaftsuniversität Wien
805,Llewellyn,Mitroshinov,lmitroshinovmc@pinterest.com,Male,Ecuadorian,2XL,Universidade Paulista
806,Jdavie,Volett,jvolettmd@abc.net.au,Male,Sri Lankan,XS,Imam Reza University
807,Mitchael,Renehan,mrenehanme@imdb.com,Male,Comanche,3XL,Regent University College of Science and Technology  
808,Dasya,Warde,dwardemf@mtv.com,Female,Fijian,L,Technical University in Kosice
809,Malina,Bartles,mbartlesmg@uol.com.br,Female,Panamanian,M,University of Asia and the Pacific
810,Ardelle,Linzee,alinzeemh@cisco.com,Female,American Indian and Alaska Native (AIAN),2XL,University of Rajshahi
811,Cass,Filipczynski,cfilipczynskimi@reverbnation.com,Female,Korean,S,Palawan State University
812,Verena,Hawkes,vhawkesmj@microsoft.com,Bigender,White,XS,St. John Fisher College
813,Vitia,Billie,vbilliemk@bravesites.com,Female,Alaskan Athabascan,2XL,"Fachhochschule Mannheim, Hochschule für Sozialwesen"
814,Indira,Gomar,igomarml@clickbank.net,Genderqueer,Melanesian,3XL,Universidad de Málaga
815,Stacee,Pratley,spratleymm@ca.gov,Male,Menominee,M,Sirte University
816,Gerladina,Reisenberg,greisenbergmn@timesonline.co.uk,Female,Sri Lankan,L,Samara State University of Teacher Training
817,Bertina,Crofthwaite,bcrofthwaitemo@rambler.ru,Agender,Osage,XS,Evangelische Fachhochschule Ludwigshafen Hochschule für Sozial- und Gesundheitswesen
818,Chad,Johnys,cjohnysmp@webmd.com,Male,Thai,XS,Universidad Nacional de Córdoba
819,Foster,Rickaby,frickabymq@istockphoto.com,Male,Paiute,XS,Mehrabyan Medical Institute and Medical College
820,Cherianne,Prettejohns,cprettejohnsmr@ibm.com,Female,Alaskan Athabascan,3XL,Odessa State Academy of Construction and Architecture
821,Caitrin,Mancer,cmancerms@theatlantic.com,Female,Ecuadorian,XS,College for Lifelong Learning
822,Kylynn,Mokes,kmokesmt@com.com,Female,Cheyenne,3XL,Dalian University
823,Patric,Souster,psoustermu@dailymail.co.uk,Male,Costa Rican,XL,Universitas Muhammadiyah Magelang
824,Rancell,Perche,rperchemv@nationalgeographic.com,Male,Vietnamese,XL,Universidade Estadual do Centro-Oeste
825,Moishe,Taffee,mtaffeemw@free.fr,Male,Malaysian,S,Montana State University - Northern
826,Averill,Rowett,arowettmx@huffingtonpost.com,Male,Dominican (Dominican Republic),L,"Institute of Teachers Education, Technical Education "
827,Laureen,Edgerly,ledgerlymy@eventbrite.com,Female,Black or African American,XL,Swiss Management Center
828,Abelard,Lafferty,alaffertymz@creativecommons.org,Bigender,Chickasaw,S,Argosy University - Hawaii
829,Caren,McAlpine,cmcalpinen0@tamu.edu,Female,Houma,S,Samford University
830,Tedda,Atkirk,tatkirkn1@vistaprint.com,Female,Apache,XS,Universidad de Nariño
831,Jaquenetta,Linn,jlinnn2@dedecms.com,Female,Hmong,3XL,University of Santo Tomas
832,Denny,Eagles,deaglesn3@vistaprint.com,Male,Polynesian,L,Universidad de Valparaiso
833,Ashlan,Shemmans,ashemmansn4@time.com,Female,Pakistani,XL,Universidad Católica de Santiago de Guayaquil
834,Moll,Chudleigh,mchudleighn5@ifeng.com,Female,Delaware,XS,Richard Stockton College of New Jersey
835,Horatio,Amphlett,hamphlettn6@blogtalkradio.com,Male,Yaqui,3XL,Saitama Prefectural University
836,Alicia,Kilborn,akilbornn7@omniture.com,Female,South American,XS,Voronezh State Technical University
837,Dwayne,Drewet,ddrewetn8@gmpg.org,Male,Puget Sound Salish,2XL,Yamanashi Medical University
838,Elaine,Franklin,efranklinn9@digg.com,Female,Peruvian,2XL,University of Calabria
839,Nicolais,Fernando,nfernandona@patch.com,Male,Kiowa,M,National Sanskrit University
840,Willetta,Bareford,wbarefordnb@meetup.com,Female,Colville,XS,Addis Ababa Science & Technology University
841,Jephthah,Tearny,jtearnync@omniture.com,Male,Black or African American,2XL,Universidad del Valle de Puebla
842,Dolli,Eixenberger,deixenbergernd@bluehost.com,Female,Yuman,S,"Universidad Laica ""Vicente Rocafuerte"" de Guayaquil"
843,Oralla,Inge,oingene@nsw.gov.au,Female,Cambodian,XS,Universidad Interamericana de Educacion a Distancia de Panama
844,Kissiah,Drayson,kdraysonnf@geocities.com,Female,Alaska Native,S,University of Oxford
845,Micaela,Rayson,mraysonng@nba.com,Female,Hmong,L,Central University College
846,Hattie,Gricewood,hgricewoodnh@mozilla.org,Female,Native Hawaiian and Other Pacific Islander (NHPI),L,University of Nebraska - Lincoln
847,Karlens,Franca,kfrancani@ftc.gov,Male,Sri Lankan,3XL,Technical University of Opole
848,Victoir,Casero,vcaseronj@tripod.com,Male,Choctaw,3XL,Koc University
849,Prinz,Buxy,pbuxynk@spotify.com,Male,Taiwanese,S,Denison University
850,Fabian,Zoephel,fzoephelnl@va.gov,Male,Peruvian,L,Universidad Simón Bolivar
851,Cassandry,Gyver,cgyvernm@taobao.com,Female,Cherokee,XS,University of Calcutta
852,Anna-maria,Sobtka,asobtkann@nasa.gov,Female,South American,S,University Of Dubai
853,Ketti,Worsom,kworsomno@cdbaby.com,Female,Mexican,XL,Florida State University
854,Elijah,Boyall,eboyallnp@statcounter.com,Male,Cambodian,M,Xi'an University of Electronic Science and Technology
855,Yorke,Gater,ygaternq@ycombinator.com,Genderfluid,Cheyenne,M,Hong Kong Polytechnic University
856,Amery,Ayrs,aayrsnr@berkeley.edu,Male,Micronesian,2XL,B.P.Koirala Institute of Health Sciences
857,Shelley,Pick,spickns@amazon.co.uk,Female,Seminole,XL,University of Malta
858,Lindsay,Crocker,lcrockernt@aboutads.info,Male,Yaqui,XS,Universidad Nacional Agraria de la Selva
859,Frants,Crow,fcrownu@biglobe.ne.jp,Male,Yakama,S,Université Cheikh Anta Diop
860,Wallis,Raine,wrainenv@spotify.com,Male,Pima,XL,Finlandia University
861,Terrell,Housen,thousennw@squidoo.com,Male,Cambodian,XS,United Arab Emirates University
862,Raleigh,Swadden,rswaddennx@ebay.co.uk,Genderfluid,Samoan,M,University of Nevada - Las Vegas
863,Donovan,Acheson,dachesonny@goodreads.com,Male,Hmong,XS,Shizuoka Sangyo University
864,Jacklin,Witherdon,jwitherdonnz@nymag.com,Female,Mexican,XL,Fukuoka Institute of Technology
865,Dyna,Officer,dofficero0@devhub.com,Female,Venezuelan,L,Isabela State University
866,Ellen,Marrow,emarrowo1@sciencedaily.com,Female,Japanese,XS,Payame Noor University
867,Pavel,McFarlane,pmcfarlaneo2@howstuffworks.com,Male,Ecuadorian,3XL,St. Joseph College
868,Maxim,Attow,mattowo3@live.com,Male,Tohono O'Odham,3XL,Universidad México Americana del Norte
869,Mile,Tierney,mtierneyo4@yellowbook.com,Male,Sioux,S,Kyrgyz National Agrarian University
870,Augustine,McTrustie,amctrustieo5@phoca.cz,Male,Crow,3XL,Universität Hohenheim
871,Hillel,Spadoni,hspadonio6@bravesites.com,Male,Tohono O'Odham,XS,Lincoln Memorial University
872,Harley,Ebbens,hebbenso7@wikimedia.org,Male,Potawatomi,3XL,Rheinische Friedrich-Wilhelms Universität Bonn
873,Kristos,Hawkeswood,khawkeswoodo8@woothemes.com,Male,Chippewa,S,Western State University College of Law - Orange County
874,Levin,McFetridge,lmcfetridgeo9@skype.com,Male,Korean,3XL,Afghan University
875,Wainwright,Lief,wliefoa@marriott.com,Male,Houma,M,Russel Sage College
876,Hope,Jonczyk,hjonczykob@booking.com,Genderqueer,Iroquois,XL,Universidad Albert Einstein
877,Butch,Brabant,bbrabantoc@mediafire.com,Male,Pima,XL,South East European University
878,Samuele,Camilli,scamilliod@multiply.com,Male,Chickasaw,2XL,University of South Carolina
879,Maximilian,Harries,mharriesoe@tinyurl.com,Male,Lumbee,3XL,Hodges University
880,Gene,Billes,gbillesof@huffingtonpost.com,Female,Paiute,XS,Mountain View College
881,Bridget,Neward,bnewardog@ameblo.jp,Female,Delaware,L,Université de Sfax
882,Chaunce,Kennelly,ckennellyoh@multiply.com,Male,Ute,XS,Furman University
883,Zachary,Giraudot,zgiraudotoi@addtoany.com,Non-binary,Micronesian,3XL,University of Maastricht
884,Tarrance,Richardes,trichardesoj@fc2.com,Agender,Vietnamese,M,2nd Military Medical University
885,Joscelin,Pott,jpottok@nationalgeographic.com,Female,Guamanian,3XL,Marietta College
886,Laina,Ivankov,livankovol@hc360.com,Female,Sri Lankan,XL,Kodolanyi Janos University College
887,Mureil,Cripps,mcrippsom@51.la,Female,Taiwanese,3XL,Université Catholique de l' Ouest
888,Ardelle,Lamasna,alamasnaon@fc2.com,Bigender,American Indian and Alaska Native (AIAN),2XL,Université Ibn Toufail
889,Wolfy,Blunsden,wblunsdenoo@cocolog-nifty.com,Genderfluid,Choctaw,XS,Ionian University Corfu
890,Nil,Laurence,nlaurenceop@engadget.com,Male,Salvadoran,L,National University of Management
891,Vita,Tedorenko,vtedorenkooq@npr.org,Female,Yuman,M,James Madison University
892,Caz,Tant,ctantor@cbsnews.com,Male,Indonesian,XS,Yasuda Women's University
893,Bernadina,Breckin,bbreckinos@hatena.ne.jp,Non-binary,Kiowa,3XL,Kentucky State University
894,Jeannie,Glanfield,jglanfieldot@themeforest.net,Female,Native Hawaiian,XS,Williams Baptist College
895,Dorine,Howle,dhowleou@about.com,Non-binary,Japanese,L,Alkharj University
896,Julianne,Simester,jsimesterov@scribd.com,Female,Creek,2XL,Universidad Autónoma de Baja California
897,Emilio,Marran,emarranow@bravesites.com,Male,Navajo,XS,Yasar University
898,Marcile,Height,mheightox@washingtonpost.com,Female,Potawatomi,L,KBU International College
899,Reggis,Setterington,rsetteringtonoy@icio.us,Male,Cree,L,Justus Liebig Universität Gießen
900,Babs,Parris,bparrisoz@wisc.edu,Female,Venezuelan,XS,Higher School o Business in Tarnow
901,Greta,Brack,gbrackp0@newyorker.com,Female,Apache,2XL,University of Calicut
902,Margi,Shooter,mshooterp1@un.org,Female,Delaware,S,Universidad del Bío-Bío
903,Henri,Dunnico,hdunnicop2@flavors.me,Male,Nicaraguan,L,Ecole Nationale Supérieure d'Agronomie et des Industries Alimentaires
904,Gaston,Lampbrecht,glampbrechtp3@de.vu,Male,Micronesian,L,University of Lavasanat Pnu
905,Felisha,Dunk,fdunkp4@adobe.com,Female,Thai,M,San Beda College
906,Arlina,Marusik,amarusikp5@theatlantic.com,Female,Bangladeshi,3XL,The College of New Jersey
907,Milly,Wackly,mwacklyp6@scientificamerican.com,Female,Apache,L,Lambuth University
908,Tomi,Ert,tertp7@yale.edu,Female,Shoshone,S,University of Kota
909,Zelig,Branney,zbranneyp8@npr.org,Male,Pakistani,L,Universität für künstlerische und industrielle Gestaltung Linz
910,Jamal,Gieves,jgievesp9@google.ru,Male,Alaskan Athabascan,XS,Université des Sciences Humaines (Strasbourg II)
911,Benita,Mulchrone,bmulchronepa@friendfeed.com,Female,Nicaraguan,3XL,Berry College
912,Lou,De Filippis,ldefilippispb@symantec.com,Female,Kiowa,S,Bahir Dar University
913,Quintin,Arndt,qarndtpc@reference.com,Male,Blackfeet,L,Nilai University College
914,Katrinka,Matveyev,kmatveyevpd@adobe.com,Female,Paraguayan,S,Brest State Technical University
915,Gene,Kinworthy,gkinworthype@yahoo.com,Female,White,XL,Sistan & Balouchestan University
916,Craig,Cutbush,ccutbushpf@wikipedia.org,Male,Yakama,M,Temple University
917,Keriann,Tame,ktamepg@miibeian.gov.cn,Female,Bangladeshi,S,Deutsche Telekom Fachhochschule Leipzig
918,Ferrell,Stainer,fstainerph@istockphoto.com,Male,American Indian,XL,Novosibirsk State Agricultural University
919,Chad,Dast,cdastpi@twitter.com,Genderfluid,Alaskan Athabascan,M,Southwest Petroleum University
920,Tamara,Cruickshank,tcruickshankpj@mtv.com,Female,Navajo,M,Hai Duong University
921,Breanne,Dearnaly,bdearnalypk@archive.org,Female,Salvadoran,M,University of Trinidad and Tobago
922,Remington,Donner,rdonnerpl@merriam-webster.com,Male,Laotian,S,Universidad de Holguín
923,Elizabet,Gerrell,egerrellpm@weebly.com,Female,Samoan,S,Universidad Nacional del Callao
924,Zena,Scotting,zscottingpn@a8.net,Female,Black or African American,2XL,University of the Ryukyus
925,Urson,Childers,uchilderspo@instagram.com,Male,Native Hawaiian,M,Ecole Spéciale de Mécanique et d'Electricité
926,Karlotte,Piddletown,kpiddletownpp@comsenz.com,Female,Laotian,L,Universidade Estadual de Ponta Grossa
927,Lily,Bourdis,lbourdispq@dedecms.com,Bigender,Micronesian,L,Fachhochschule Lausitz
928,Tersina,Moan,tmoanpr@com.com,Female,Yaqui,2XL,St. Mary's University of Minnesota
929,Malcolm,Blore,mbloreps@sohu.com,Male,Venezuelan,3XL,Sebatian Kolowa University College
930,Amara,Grindley,agrindleypt@newsvine.com,Female,Chinese,M,Moscow State Industrial University
931,Cesya,Gilks,cgilkspu@marriott.com,Polygender,Asian Indian,L,Bifrost School of Business
932,Jillayne,Mahon,jmahonpv@php.net,Female,Seminole,S,Shomal University
933,Cornie,Chappel,cchappelpw@ucoz.ru,Male,Japanese,2XL,Fielding Institute
934,Cecilia,Durbridge,cdurbridgepx@networksolutions.com,Female,Guamanian,M,Northwestern University
935,Zak,Benford,zbenfordpy@theglobeandmail.com,Male,Polynesian,2XL,Azad Jammu and Kashmir University
936,Emmet,Tonbye,etonbyepz@wikipedia.org,Male,American Indian,L,Oklahoma State University - Tulsa
937,Nichole,Clewes,nclewesq0@dailymail.co.uk,Female,Nicaraguan,M,The College of Wooster
938,Edlin,Haburne,ehaburneq1@edublogs.org,Male,Tohono O'Odham,3XL,Chulalongkorn University
939,Janot,Renoden,jrenodenq2@zdnet.com,Female,Chickasaw,M,Tianjin Open University
940,Doreen,Elders,deldersq3@msn.com,Female,Indonesian,3XL,Air University
941,Godfry,Messent,gmessentq4@bbb.org,Male,Latin American Indian,3XL,Harbin Engineering University
942,Sandye,Swiffin,sswiffinq5@livejournal.com,Female,Melanesian,S,Ochanomizu Women's University
943,Clarice,Frickey,cfrickeyq6@godaddy.com,Female,Menominee,XL,Erasmus University Rotterdam
944,Abbot,Saint,asaintq7@reuters.com,Male,Osage,2XL,Jacksonville University
945,Alverta,Marcos,amarcosq8@phpbb.com,Female,Comanche,M,Lipeck State Technical University
946,Gaston,Manvelle,gmanvelleq9@va.gov,Male,Polynesian,XL,Wakayama University
947,Kym,Luchetti,kluchettiqa@vk.com,Female,Kiowa,3XL,Universidad de Los Andes
948,Bronny,Flucker,bfluckerqb@hud.gov,Male,Indonesian,XS,Wesley College Mississippi
949,Bernard,Pendrey,bpendreyqc@reuters.com,Genderqueer,Blackfeet,S,Medical Academy in Warszawa
950,Mile,Hendron,mhendronqd@stanford.edu,Male,Mexican,L,Prescott College
951,Anselm,Batrick,abatrickqe@pcworld.com,Male,Yakama,M,Widener University
952,Cynthia,Kyllford,ckyllfordqf@cdc.gov,Female,Asian Indian,3XL,Madhya Pradesh Bhoj (Open) University
953,Durward,Rowsell,drowsellqg@google.it,Male,Guamanian,L,Chonbuk National University
954,Orran,Eliasson,oeliassonqh@booking.com,Male,Sri Lankan,M,Karlshochschule International University
955,Ferdie,Coyle,fcoyleqi@imdb.com,Male,Hmong,XS,University of Craiova
956,Angelika,Been,abeenqj@epa.gov,Female,Central American,XL,Internationle Akademie für Philosophie
957,Aloysius,Hertwell,ahertwellqk@photobucket.com,Male,Black or African American,S,University of Agriculture Faisalabad
958,Shell,Skyram,sskyramql@twitter.com,Male,Dominican (Dominican Republic),2XL,Morgan State University
959,Arliene,Rappoport,arappoportqm@php.net,Female,Yakama,M,Tokyo Kasei University
960,Kimberli,Breese,kbreeseqn@cloudflare.com,Agender,Sri Lankan,3XL,Nanyang Technological University
961,Diego,Daugherty,ddaughertyqo@indiatimes.com,Male,Yuman,XL,University of Manchester
962,Maria,Peidro,mpeidroqp@foxnews.com,Female,Tongan,S,Universidade do Estado de Santa Catarina
963,Isiahi,Fellows,ifellowsqq@spotify.com,Male,Chippewa,M,Ecole Nationale d'Ingénieurs des Travaux Agricoles de Bordeaux
964,Niccolo,Grimshaw,ngrimshawqr@blogtalkradio.com,Male,Cherokee,XL,Western Carolina University
965,Lauraine,Downing,ldowningqs@ftc.gov,Female,Micronesian,S,University of Foggia
966,Renard,Shadfourth,rshadfourthqt@tiny.cc,Male,Chippewa,S,Molde University College
967,Brant,Boaler,bboalerqu@answers.com,Male,Cree,2XL,Albany State University
968,Leigh,Meckiff,lmeckiffqv@disqus.com,Female,Korean,M,University of New Mexico
969,Mason,Leist,mleistqw@mozilla.org,Male,Mexican,XS,Stefan University
970,Karalee,Paulusch,kpauluschqx@freewebs.com,Female,Samoan,L,Karachi School of Art
971,Rosabelle,Vallack,rvallackqy@symantec.com,Female,Comanche,XS,Kumasi Polytechnic 
972,Giana,Le Port,gleportqz@tripod.com,Female,Central American,S,Universidad de la Sierra A.C.
973,Thorny,Boucher,tboucherr0@github.com,Male,Choctaw,L,Université des Sciences et de la Technologie Houari Boumediène
974,Erina,Jolliff,ejolliffr1@goo.ne.jp,Female,Paraguayan,S,Capella University
975,Bryce,Chilcott,bchilcottr2@webnode.com,Male,Cheyenne,M,Covenant College
976,Channa,Reyson,creysonr3@scientificamerican.com,Female,Chilean,M,Fujian Normal University
977,Jobie,Coutthart,jcoutthartr4@adobe.com,Female,Costa Rican,S,Idaho State University
978,Darell,Satchel,dsatchelr5@prlog.org,Agender,Choctaw,XS,Gujarat Ayurved University
979,Gaile,Pund,gpundr6@desdev.cn,Bigender,Nicaraguan,S,Cosmopolitan University
980,Perri,Wodeland,pwodelandr7@microsoft.com,Female,Lumbee,2XL,Sahand University of Technology
981,Ebonee,Cuckson,ecucksonr8@naver.com,Female,Dominican (Dominican Republic),3XL,Universidad de Concepcion
982,Laetitia,Jiroudek,ljiroudekr9@qq.com,Female,Honduran,XL,Faculdades Integradas do Brasil - UNIBRASIL
983,Mavra,Stobbs,mstobbsra@nytimes.com,Female,Uruguayan,M,Ecole des Hautes Etudes Industrielles de Lille
984,Dionisio,Sparshett,dsparshettrb@goodreads.com,Genderfluid,Houma,M,Tiraspol State University
985,Jarad,Moloney,jmoloneyrc@admin.ch,Male,Eskimo,XL,Sri Venkateswara Institute of Medical Sciences
986,Romeo,Errichi,rerrichird@de.vu,Male,Bolivian,2XL,Osaka University of Foreign Studies
987,Jephthah,Pipet,jpipetre@psu.edu,Male,Ottawa,S,B. R. Ambedkar Bihar University
988,Bobby,Jolliffe,bjollifferf@unblog.fr,Male,Navajo,3XL,Universidad Maimónides
989,Adolph,Soar,asoarrg@simplemachines.org,Male,Shoshone,XL,University of Peradeniya
990,Boyce,Jess,bjessrh@creativecommons.org,Non-binary,Houma,L,Technical University of Mombasa
991,Thedric,Kinnock,tkinnockri@seattletimes.com,Male,Osage,XS,Pakistan Institute of Engineering and Applied Sciences (PIEAS)
992,Madalyn,Sustins,msustinsrj@alexa.com,Female,Spaniard,2XL,American InterContinental University Online
993,Jobey,Sturmey,jsturmeyrk@pen.io,Female,Yuman,XS,Western University
994,Natale,Lademann,nlademannrl@apache.org,Male,Houma,XL,Pädagogische Hochschule Ludwigsburg
995,Idaline,Owlner,iowlnerrm@yahoo.co.jp,Female,Delaware,S,Maryville College
996,Mikaela,Scuffham,mscuffhamrn@google.pl,Female,Navajo,M,Polytechnic University
997,Pancho,Taylo,ptayloro@godaddy.com,Male,Mexican,3XL,Universidad Nacional Siglo XX Llallagua
998,Jemima,Billany,jbillanyrp@spiegel.de,Non-binary,Vietnamese,3XL,University of Oulu
999,Chester,Ferrandez,cferrandezrq@smugmug.com,Male,Seminole,S,Kochi Women's University
1000,Gert,Drewes,gdrewesrr@w3.org,Female,Mexican,S,B. S. Abdur Rahman University
