id,first_name,last_name,email,gender,ip_address
1,Dot,Hun,dhun0@utexas.edu,Female,213.58.172.153
2,Merrile,Chetwin,mchetwin1@blinklist.com,Female,74.161.14.193
3,Rebbecca,Wicher,rwicher2@ftc.gov,Female,221.36.194.63
4,Solly,Trundell,strundell3@hubpages.com,Male,113.16.58.75
5,Tucker,Gwinnett,tgwinnett4@businesswire.com,Genderqueer,2.129.75.186
6,Sharl,Bordone,sbordone5@csmonitor.com,Non-binary,64.207.224.134
7,Georgie,Boat,gboat6@ed.gov,Male,54.203.245.188
8,Peggy,Jones,pjones7@jalbum.net,Female,248.203.33.240
9,Andriette,McEvay,amcevay8@wikispaces.com,Female,238.145.161.49
10,Udell,Dun,udun9@ebay.co.uk,Male,44.75.75.12
11,Kennedy,Daspar,kdaspara@meetup.com,Genderqueer,145.181.209.158
12,Brandice,Ivankin,bivankinb@bluehost.com,Female,170.62.127.156
13,Drud,Coll,dcollc@yolasite.com,Male,5.107.171.231
14,Adriaens,Wellwood,awellwoodd@un.org,Female,85.141.238.222
15,Diena,Diddams,ddiddamse@dedecms.com,Female,70.198.85.244
16,Valida,Arnholz,varnholzf@sphinn.com,Female,155.199.61.141
17,Clarisse,Wadham,cwadhamg@jigsy.com,Female,197.95.77.6
18,Jimmie,Leffek,jleffekh@prnewswire.com,Male,179.159.84.93
19,Aaren,Benedict,abenedicti@telegraph.co.uk,Female,90.231.19.228
20,Odie,Baffin,obaffinj@marketwatch.com,Male,207.150.99.248
21,Dorry,Shepherdson,dshepherdsonk@unesco.org,Genderfluid,166.107.221.238
22,Kimmi,Burkitt,kburkittl@forbes.com,Female,20.19.243.47
23,Rainer,Erley,rerleym@g.co,Genderfluid,215.45.62.242
24,Riobard,Leglise,rleglisen@wordpress.org,Male,129.135.46.212
25,Noble,Morforth,nmorfortho@squarespace.com,Male,216.160.152.195
26,Dorian,Bentke,dbentkep@google.com.br,Male,169.133.60.13
27,Fons,Studders,fstuddersq@redcross.org,Male,114.83.167.236
28,Leodora,Arnaez,larnaezr@nytimes.com,Non-binary,18.235.158.222
29,Hercules,Ashborne,hashbornes@odnoklassniki.ru,Male,109.0.228.85
30,Stacey,McGookin,smcgookint@zdnet.com,Female,114.99.126.230
31,Eulalie,Siley,esileyu@samsung.com,Female,4.138.3.195
32,Ivonne,Durtnel,idurtnelv@ehow.com,Female,221.133.25.67
33,Thedric,Vassie,tvassiew@adobe.com,Male,160.132.64.11
34,Ilyse,Bollon,ibollonx@washingtonpost.com,Female,5.237.203.89
35,Carole,Downse,cdownsey@answers.com,Polygender,217.179.10.160
36,Kriste,Sweeten,ksweetenz@unblog.fr,Female,172.136.147.45
37,Conn,Twelves,ctwelves10@360.cn,Male,105.253.209.21
38,Clemente,Defau,cdefau11@hao123.com,Male,230.178.21.188
39,Maia,Padfield,mpadfield12@narod.ru,Female,187.81.221.63
40,Frasco,Navarijo,fnavarijo13@flavors.me,Male,22.8.73.12
41,Christopher,Cheeld,ccheeld14@eepurl.com,Male,20.126.253.98
42,Kaia,McFade,kmcfade15@netscape.com,Female,54.140.169.228
43,Percy,Mathivon,pmathivon16@last.fm,Male,67.177.123.126
44,Hervey,Darell,hdarell17@fotki.com,Male,73.127.151.83
45,Wilona,Meadway,wmeadway18@networkadvertising.org,Female,157.233.238.251
46,Norby,Wroath,nwroath19@constantcontact.com,Male,89.27.168.13
47,Sergeant,Shaxby,sshaxby1a@rakuten.co.jp,Male,1.247.140.167
48,Sigismund,Storry,sstorry1b@nhs.uk,Non-binary,23.234.182.94
49,Dulcy,McAirt,dmcairt1c@answers.com,Female,29.10.46.241
50,Malvin,Sawbridge,msawbridge1d@ox.ac.uk,Male,168.5.119.156
51,Dosi,Bowie,dbowie1e@about.com,Female,135.47.59.201
52,Bernelle,Faber,bfaber1f@newyorker.com,Bigender,162.11.100.48
53,Nickolas,Myhill,nmyhill1g@aol.com,Male,139.171.27.194
54,Kahlil,Casella,kcasella1h@ezinearticles.com,Male,199.1.146.213
55,Johnath,Pennino,jpennino1i@imgur.com,Genderqueer,165.238.6.206
56,Suzann,Verrill,sverrill1j@de.vu,Female,231.47.131.72
57,Waylon,Raoult,wraoult1k@boston.com,Male,170.144.24.210
58,Donelle,Gunthorpe,dgunthorpe1l@github.io,Female,154.229.84.35
59,Adelind,Beeden,abeeden1m@free.fr,Female,226.179.236.193
60,Jude,Ogles,jogles1n@eepurl.com,Male,8.221.120.144
61,Walden,Asplin,wasplin1o@examiner.com,Male,148.63.241.246
62,Ursulina,Pirolini,upirolini1p@pcworld.com,Female,62.206.216.198
63,Shantee,Golder,sgolder1q@psu.edu,Female,183.9.15.189
64,Brodie,Arnaudi,barnaudi1r@wufoo.com,Agender,174.64.122.146
65,Dalston,Maghull,dmaghull1s@unc.edu,Male,232.50.223.232
66,Tann,Whyborn,twhyborn1t@wikimedia.org,Agender,155.137.158.197
67,Wilmar,Nazareth,wnazareth1u@rambler.ru,Male,202.10.122.201
68,Austin,Whillock,awhillock1v@techcrunch.com,Female,94.63.22.178
69,Steffen,Barham,sbarham1w@liveinternet.ru,Male,159.9.198.11
70,Stanwood,Haensel,shaensel1x@typepad.com,Bigender,47.205.132.158
71,Buddy,Milner,bmilner1y@drupal.org,Male,127.7.122.185
72,Myrlene,Lloyd-Williams,mlloydwilliams1z@opera.com,Female,163.238.142.3
73,Denna,Cariss,dcariss20@ifeng.com,Non-binary,117.198.67.245
74,Amby,Grog,agrog21@mail.ru,Polygender,228.26.54.190
75,Courtnay,Jaye,cjaye22@storify.com,Female,57.193.71.49
76,Yankee,Knights,yknights23@toplist.cz,Male,128.226.155.41
77,Karilynn,Brito,kbrito24@tuttocitta.it,Female,27.115.114.227
78,Marci,Testo,mtesto25@godaddy.com,Female,104.131.67.91
79,Rosina,Causton,rcauston26@slashdot.org,Bigender,211.65.226.192
80,Panchito,Geoghegan,pgeoghegan27@arstechnica.com,Male,174.69.125.70
81,Doe,Coyish,dcoyish28@amazon.co.uk,Female,69.169.49.142
82,Doyle,Jennison,djennison29@ocn.ne.jp,Male,185.173.58.127
83,Roxana,Le Hucquet,rlehucquet2a@shop-pro.jp,Female,161.172.234.47
84,Beverley,Senter,bsenter2b@phoca.cz,Female,100.93.95.198
85,Drucill,Melling,dmelling2c@wix.com,Female,220.237.213.189
86,Myrilla,Chape,mchape2d@ifeng.com,Female,11.225.187.139
87,Guillaume,Lipprose,glipprose2e@clickbank.net,Male,2.89.151.16
88,Othilia,Bethell,obethell2f@ca.gov,Female,54.169.33.162
89,Willis,Borman,wborman2g@alexa.com,Male,213.235.6.137
90,Goldina,Wykes,gwykes2h@cafepress.com,Female,190.207.63.133
91,Marshall,Burbury,mburbury2i@businesswire.com,Male,178.223.47.150
92,Jany,Gowanson,jgowanson2j@forbes.com,Female,179.27.219.131
93,Eden,Jouhning,ejouhning2k@marketwatch.com,Female,194.27.174.223
94,Averil,Steffens,asteffens2l@prweb.com,Female,121.72.83.131
95,Sib,Vossgen,svossgen2m@amazon.com,Female,184.187.121.98
96,Andra,Birckmann,abirckmann2n@so-net.ne.jp,Agender,158.66.131.178
97,Tybi,Eliassen,teliassen2o@tinyurl.com,Female,129.68.127.60
98,Conny,Whilde,cwhilde2p@hostgator.com,Non-binary,196.94.123.94
99,Marita,Skeats,mskeats2q@macromedia.com,Female,78.234.14.197
100,Uta,Willoughway,uwilloughway2r@unesco.org,Female,240.176.205.39
101,Nat,Ebbing,nebbing2s@boston.com,Male,85.178.126.220
102,Ingrim,Cranage,icranage2t@ifeng.com,Male,11.40.215.156
103,Angus,Baraja,abaraja2u@homestead.com,Male,172.227.231.29
104,Hector,Hardiker,hhardiker2v@wisc.edu,Male,126.166.234.26
105,Tann,Brody,tbrody2w@apple.com,Male,220.200.35.33
106,Hyacinthe,Palliser,hpalliser2x@networkadvertising.org,Female,119.141.8.255
107,Sapphire,Banghe,sbanghe2y@msn.com,Female,172.176.185.175
108,Guinna,Glaserman,gglaserman2z@amazon.co.uk,Female,157.209.239.116
109,Hall,De Mattia,hdemattia30@twitter.com,Male,31.176.155.97
110,Norah,Hourihane,nhourihane31@ning.com,Female,158.188.157.145
111,Ellary,Bewlay,ebewlay32@i2i.jp,Agender,190.107.106.0
112,Cherilynn,Knowlden,cknowlden33@desdev.cn,Female,31.141.9.36
113,Tommi,Buzzing,tbuzzing34@usnews.com,Female,138.157.47.180
114,Brittaney,Dabnot,bdabnot35@cocolog-nifty.com,Female,136.43.163.118
115,Justin,Jobson,jjobson36@mlb.com,Male,168.137.149.20
116,Gae,Strewthers,gstrewthers37@prweb.com,Female,215.110.186.152
117,Giselle,Bessell,gbessell38@google.fr,Female,190.60.98.118
118,Virgie,Pitrollo,vpitrollo39@networkadvertising.org,Female,59.149.217.49
119,Samuele,Bourcq,sbourcq3a@sphinn.com,Male,216.110.220.90
120,Goldina,Grange,ggrange3b@cbslocal.com,Female,255.158.50.203
121,Rosemary,Gronno,rgronno3c@dion.ne.jp,Female,201.27.91.129
122,Heinrick,Cater,hcater3d@redcross.org,Male,171.70.201.129
123,Avivah,Agge,aagge3e@lycos.com,Female,93.135.72.60
124,Liza,Hollingdale,lhollingdale3f@51.la,Female,148.161.131.203
125,Erika,Merrisson,emerrisson3g@cbc.ca,Female,217.217.185.227
126,Jeno,Feilden,jfeilden3h@cpanel.net,Male,65.140.197.94
127,Kimberly,Banishevitz,kbanishevitz3i@aboutads.info,Female,249.217.164.2
128,Harry,Leavens,hleavens3j@seesaa.net,Male,133.149.76.229
129,Geoffrey,Crookes,gcrookes3k@mayoclinic.com,Male,208.223.114.123
130,Em,Hatwell,ehatwell3l@php.net,Female,169.22.193.130
131,Sisile,Van der Baaren,svanderbaaren3m@cloudflare.com,Non-binary,216.90.39.156
132,Reggie,Downey,rdowney3n@naver.com,Female,180.211.87.6
133,Kay,Coulston,kcoulston3o@state.gov,Female,206.20.170.181
134,Corey,Scurman,cscurman3p@example.com,Male,92.186.31.103
135,Allard,Krzyzowski,akrzyzowski3q@google.de,Male,113.211.95.175
136,Bail,Lodeke,blodeke3r@taobao.com,Male,107.132.66.127
137,Gun,Ferrea,gferrea3s@virginia.edu,Male,97.223.32.196
138,Lonnard,Oels,loels3t@wordpress.org,Male,75.44.78.2
139,Haydon,Truckell,htruckell3u@amazon.com,Male,227.56.118.128
140,Loy,Varran,lvarran3v@shinystat.com,Male,75.37.104.75
141,Alfreda,Maginn,amaginn3w@uol.com.br,Female,34.8.172.227
142,Jordanna,Pashley,jpashley3x@cnet.com,Female,65.85.141.110
143,Sophi,Ough,sough3y@sciencedaily.com,Female,122.18.209.92
144,Raven,Gainsburgh,rgainsburgh3z@yandex.ru,Female,241.33.220.47
145,Marlena,Callf,mcallf40@t.co,Genderqueer,202.155.130.91
146,Gustaf,Belbin,gbelbin41@technorati.com,Male,115.146.159.110
147,Olivette,Delafoy,odelafoy42@eepurl.com,Female,6.215.170.26
148,Rebe,Abramamovh,rabramamovh43@tumblr.com,Female,173.112.242.15
149,Callean,Bollands,cbollands44@princeton.edu,Male,72.93.86.244
150,Erasmus,Strute,estrute45@dailymail.co.uk,Male,26.127.65.189
151,Jodie,Hayland,jhayland46@ocn.ne.jp,Female,231.174.22.10
152,Hagen,Kirkby,hkirkby47@nba.com,Male,221.104.68.248
153,Jdavie,Bithell,jbithell48@slate.com,Male,63.13.212.87
154,Anabelle,Bentzen,abentzen49@apache.org,Agender,205.179.197.52
155,Jakie,Bilt,jbilt4a@chicagotribune.com,Male,214.71.130.72
156,Loleta,Amerighi,lamerighi4b@netvibes.com,Female,23.128.47.0
157,Paten,MacAulay,pmacaulay4c@chron.com,Male,116.134.229.89
158,Vivian,Everal,veveral4d@statcounter.com,Female,179.153.252.138
159,Tabb,Laity,tlaity4e@scribd.com,Male,184.31.81.156
160,Flory,Smewings,fsmewings4f@google.com.hk,Male,31.232.197.159
161,Carrol,Dunford,cdunford4g@wikia.com,Male,145.125.159.78
162,Matilde,Schowenburg,mschowenburg4h@linkedin.com,Female,100.28.196.2
163,Steffie,Prawle,sprawle4i@businesswire.com,Female,186.220.220.101
164,Trueman,Antrag,tantrag4j@artisteer.com,Male,224.240.47.114
165,Antony,McArthur,amcarthur4k@hostgator.com,Male,198.77.59.124
166,Tuesday,Flancinbaum,tflancinbaum4l@narod.ru,Female,73.211.116.59
167,Elisha,Jeram,ejeram4m@prnewswire.com,Female,48.90.86.196
168,Christophorus,Reeds,creeds4n@ebay.co.uk,Male,58.179.133.193
169,Darnall,Gilhouley,dgilhouley4o@parallels.com,Male,232.33.52.177
170,Gerianne,Doble,gdoble4p@cafepress.com,Female,237.57.12.253
171,Angil,Leggin,aleggin4q@economist.com,Female,59.152.195.186
172,Herrick,Condliffe,hcondliffe4r@imdb.com,Male,50.163.227.82
173,Arlen,Dowse,adowse4s@ow.ly,Male,219.36.76.69
174,Claiborn,Lapping,clapping4t@wikipedia.org,Male,76.254.17.17
175,Guthrey,Balkwill,gbalkwill4u@lulu.com,Male,54.86.142.39
176,Prentice,Eastes,peastes4v@geocities.jp,Male,177.19.138.97
177,Brinna,Peabody,bpeabody4w@163.com,Female,37.170.163.151
178,Titus,Kitto,tkitto4x@hubpages.com,Male,142.212.228.102
179,Harley,Wyne,hwyne4y@vinaora.com,Male,255.22.156.181
180,Clemens,Youde,cyoude4z@infoseek.co.jp,Male,174.189.1.18
181,Geneva,Masterton,gmasterton50@economist.com,Female,180.187.34.155
182,Sibeal,Westwater,swestwater51@macromedia.com,Agender,87.10.136.16
183,Pate,Picknett,ppicknett52@sogou.com,Male,213.40.199.226
184,Abie,Fruin,afruin53@bloglines.com,Male,91.14.239.221
185,Pippy,Shane,pshane54@telegraph.co.uk,Female,183.78.62.2
186,Georgiana,Seth,gseth55@vk.com,Female,175.24.160.177
187,Hakim,Blakeden,hblakeden56@latimes.com,Male,84.104.185.173
188,Haskell,Allden,hallden57@odnoklassniki.ru,Male,233.34.128.102
189,Artemus,Bernardes,abernardes58@census.gov,Male,85.176.218.247
190,Eliot,Artist,eartist59@apple.com,Male,86.144.203.59
191,Christine,Jamblin,cjamblin5a@sfgate.com,Female,173.87.250.209
192,Sindee,Belhome,sbelhome5b@yellowbook.com,Female,163.78.111.96
193,Rachelle,McGreal,rmcgreal5c@canalblog.com,Female,58.207.182.242
194,Agathe,Roomes,aroomes5d@theatlantic.com,Female,167.134.36.103
195,Berk,Bretherton,bbretherton5e@bravesites.com,Male,146.89.250.119
196,Dorolisa,Archer,darcher5f@fastcompany.com,Female,198.140.6.66
197,Yves,Pickburn,ypickburn5g@hhs.gov,Genderfluid,99.63.25.182
198,Adrian,Ruske,aruske5h@sciencedaily.com,Male,85.155.27.60
199,Antoinette,Hawson,ahawson5i@facebook.com,Female,140.42.228.250
200,Joannes,Ings,jings5j@unicef.org,Female,140.17.67.90
201,Haven,Ethington,hethington5k@wsj.com,Male,144.119.150.72
202,Esmeralda,Burgill,eburgill5l@t-online.de,Female,24.113.205.108
203,Jason,Lappine,jlappine5m@altervista.org,Male,95.43.36.98
204,Zacharias,Whitely,zwhitely5n@foxnews.com,Male,221.24.116.91
205,Aloisia,Blewett,ablewett5o@squidoo.com,Genderqueer,187.58.107.250
206,Ado,Pomery,apomery5p@dagondesign.com,Male,16.99.96.214
207,Valentia,Freake,vfreake5q@wufoo.com,Female,38.62.240.72
208,Asher,Chislett,achislett5r@guardian.co.uk,Male,5.60.47.233
209,Douglass,Chaplyn,dchaplyn5s@icq.com,Male,32.168.29.110
210,Hatty,Argente,hargente5t@clickbank.net,Female,68.84.168.149
211,Uriel,Barby,ubarby5u@behance.net,Male,118.140.132.163
212,Georgiana,Flye,gflye5v@booking.com,Female,159.202.193.58
213,Ilsa,Ipsgrave,iipsgrave5w@bloomberg.com,Female,162.247.96.235
214,Berni,Archbell,barchbell5x@indiatimes.com,Female,100.191.164.195
215,Bartholomeo,Eplett,beplett5y@narod.ru,Male,95.114.15.238
216,Ricky,Fishpool,rfishpool5z@chron.com,Female,65.183.90.222
217,Erroll,Highman,ehighman60@bizjournals.com,Male,135.52.5.60
218,Vasili,Ord,vord61@so-net.ne.jp,Male,251.87.215.145
219,Chrissy,Puttick,cputtick62@barnesandnoble.com,Female,99.37.111.187
220,Ripley,Ivanchenkov,rivanchenkov63@cafepress.com,Male,139.31.155.15
221,Annnora,Bagnal,abagnal64@bloomberg.com,Bigender,98.217.167.66
222,Saleem,Markie,smarkie65@dion.ne.jp,Male,121.94.212.160
223,Idaline,Gerber,igerber66@merriam-webster.com,Female,70.175.60.213
224,Hank,Laydon,hlaydon67@noaa.gov,Male,43.159.81.72
225,Steward,Boman,sboman68@sogou.com,Agender,27.108.143.238
226,Othello,Coomes,ocoomes69@nhs.uk,Male,48.189.194.245
227,Randie,Tracy,rtracy6a@moonfruit.com,Female,245.255.154.221
228,Dewain,Ossipenko,dossipenko6b@berkeley.edu,Male,242.93.46.225
229,Roshelle,Gebb,rgebb6c@google.co.jp,Female,116.217.238.219
230,Karlis,Chaplin,kchaplin6d@yellowbook.com,Male,9.70.26.53
231,Berk,Sayburn,bsayburn6e@buzzfeed.com,Male,148.193.97.196
232,Megen,Swanston,mswanston6f@uiuc.edu,Female,34.169.58.118
233,Wait,Persence,wpersence6g@opensource.org,Male,50.30.205.65
234,Eugenia,Ninotti,eninotti6h@over-blog.com,Female,190.148.92.242
235,Patricio,Hurford,phurford6i@blogtalkradio.com,Bigender,124.155.241.67
236,Pieter,Sharer,psharer6j@businessinsider.com,Male,52.176.192.187
237,Arron,Coakley,acoakley6k@cyberchimps.com,Male,219.148.83.121
238,Mordecai,Marvin,mmarvin6l@mayoclinic.com,Genderqueer,173.99.250.165
239,Efrem,Rowlett,erowlett6m@bandcamp.com,Male,13.17.75.163
240,Honey,Hardiker,hhardiker6n@nasa.gov,Bigender,25.193.255.30
241,Melinda,Portriss,mportriss6o@rakuten.co.jp,Female,50.151.171.131
242,Mathias,Franzettoini,mfranzettoini6p@blinklist.com,Male,157.52.94.41
243,Stearn,Scambler,sscambler6q@zdnet.com,Male,108.190.187.31
244,Juditha,McIlveen,jmcilveen6r@freewebs.com,Female,201.182.90.11
245,Marc,Gallamore,mgallamore6s@privacy.gov.au,Male,247.108.76.133
246,York,Mackley,ymackley6t@i2i.jp,Male,131.112.28.241
247,Cthrine,Andrejs,candrejs6u@spotify.com,Female,210.37.163.136
248,Riki,Pretswell,rpretswell6v@unc.edu,Genderfluid,104.134.250.25
249,Georgie,Larrett,glarrett6w@fema.gov,Male,95.152.121.190
250,Alick,Cuttles,acuttles6x@php.net,Male,89.17.60.184
251,Prue,Kennler,pkennler6y@vkontakte.ru,Female,102.77.156.26
252,Maud,Challis,mchallis6z@npr.org,Female,42.0.135.138
253,Beverlie,Pavolini,bpavolini70@ftc.gov,Female,194.235.103.184
254,Anthony,Antognetti,aantognetti71@sitemeter.com,Male,245.94.167.67
255,Nikolaos,Sowerby,nsowerby72@ftc.gov,Male,31.93.108.85
256,Ring,Spriggs,rspriggs73@smh.com.au,Male,107.66.183.54
257,Raquela,Pulham,rpulham74@drupal.org,Female,188.245.124.235
258,Jen,Vidgen,jvidgen75@wikia.com,Female,157.31.154.33
259,Nerty,Yell,nyell76@macromedia.com,Female,220.2.242.54
260,Giselle,Roff,groff77@imageshack.us,Female,123.10.96.80
261,Manny,Alvarado,malvarado78@ehow.com,Male,175.6.200.47
262,Jobi,MacNucator,jmacnucator79@t.co,Genderfluid,165.86.192.230
263,Laurie,Welling,lwelling7a@webs.com,Male,221.15.149.58
264,Toni,Greguol,tgreguol7b@seattletimes.com,Female,119.176.240.229
265,Alwyn,Fiddeman,afiddeman7c@ebay.com,Bigender,74.10.117.104
266,Adrea,Overlow,aoverlow7d@vistaprint.com,Female,185.63.38.253
267,Ennis,Dwelly,edwelly7e@google.co.uk,Male,173.41.252.82
268,Barton,Hollyman,bhollyman7f@hugedomains.com,Male,200.209.66.214
269,Gisela,O'Shavlan,goshavlan7g@addtoany.com,Female,231.120.142.73
270,Carol-jean,Virgin,cvirgin7h@google.es,Female,166.103.100.139
271,Talyah,Harriss,tharriss7i@gov.uk,Female,222.247.18.176
272,Celestina,Danton,cdanton7j@berkeley.edu,Female,242.50.11.77
273,Roderigo,Drance,rdrance7k@diigo.com,Male,192.203.131.61
274,Raymond,Gavrielli,rgavrielli7l@indiegogo.com,Male,159.6.203.60
275,Lovell,Montilla,lmontilla7m@youtu.be,Genderqueer,212.25.161.211
276,Brant,Matuszinski,bmatuszinski7n@yahoo.co.jp,Male,216.71.109.192
277,Fitz,Carp,fcarp7o@cocolog-nifty.com,Male,61.100.43.179
278,Pru,Hammerstone,phammerstone7p@addtoany.com,Female,75.114.154.238
279,Helli,Jekyll,hjekyll7q@stanford.edu,Female,141.54.54.59
280,Rodrick,Jorczyk,rjorczyk7r@cnet.com,Male,246.229.38.225
281,Justin,Lorand,jlorand7s@topsy.com,Male,80.210.93.21
282,Sarita,Haly,shaly7t@marketwatch.com,Female,37.68.114.193
283,Cammy,Bartod,cbartod7u@amazon.de,Male,116.75.24.108
284,Farlee,Timpany,ftimpany7v@cmu.edu,Male,244.105.7.130
285,Quentin,Dahler,qdahler7w@vk.com,Female,120.249.149.17
286,Meyer,Digwood,mdigwood7x@cisco.com,Male,139.204.32.245
287,Nada,Corderoy,ncorderoy7y@shutterfly.com,Female,239.173.130.0
288,Benedikta,Gilgryst,bgilgryst7z@mit.edu,Female,29.219.28.118
289,Margy,Salerg,msalerg80@soundcloud.com,Female,94.189.156.204
290,Hillier,Ozintsev,hozintsev81@princeton.edu,Male,230.47.190.10
291,Clarabelle,Winscom,cwinscom82@spiegel.de,Female,166.52.155.236
292,Zarla,Charopen,zcharopen83@whitehouse.gov,Female,220.237.151.18
293,Delphine,Benedite,dbenedite84@desdev.cn,Female,155.173.241.176
294,Brietta,Wimp,bwimp85@example.com,Female,7.150.199.245
295,Meta,Brass,mbrass86@geocities.com,Female,40.211.206.118
296,Dorie,Iannetti,diannetti87@gravatar.com,Genderqueer,243.40.79.130
297,Randa,Colleton,rcolleton88@opensource.org,Female,187.136.158.162
298,Bertrando,Rushby,brushby89@google.de,Male,191.70.105.250
299,Carolann,Ciobotaro,cciobotaro8a@seesaa.net,Female,78.254.211.176
300,Aluino,Brockley,abrockley8b@hp.com,Male,175.199.143.244
301,Aurel,Chill,achill8c@trellian.com,Female,78.151.173.236
302,Bayard,Omrod,bomrod8d@cdc.gov,Male,218.25.130.200
303,Flemming,Wallhead,fwallhead8e@furl.net,Male,167.3.206.80
304,Jerrilee,Berns,jberns8f@dot.gov,Female,91.11.153.37
305,Field,Quarterman,fquarterman8g@gnu.org,Male,143.58.124.107
306,Doria,Buckley,dbuckley8h@tmall.com,Female,62.140.109.203
307,Coralie,Rewan,crewan8i@techcrunch.com,Female,120.196.121.19
308,Bettina,Chiese,bchiese8j@ebay.co.uk,Female,6.32.188.22
309,Martin,Dumini,mdumini8k@amazon.co.uk,Male,230.238.96.111
310,Maddie,Darlasson,mdarlasson8l@lycos.com,Male,171.166.117.105
311,Margareta,Greenway,mgreenway8m@archive.org,Female,241.124.233.135
312,Lexi,Kirman,lkirman8n@europa.eu,Female,59.35.23.227
313,Obidiah,Union,ounion8o@intel.com,Male,175.106.118.175
314,Erroll,Rosendorf,erosendorf8p@squidoo.com,Male,150.165.224.156
315,Vivie,Meakes,vmeakes8q@meetup.com,Female,205.188.145.115
316,Luciano,Mapes,lmapes8r@hhs.gov,Male,221.214.58.24
317,Pierce,Beccles,pbeccles8s@thetimes.co.uk,Male,148.144.216.139
318,Gerhardt,O'Farrell,gofarrell8t@npr.org,Male,88.208.69.163
319,Diarmid,Greatorex,dgreatorex8u@yahoo.co.jp,Non-binary,198.55.166.115
320,Valene,Pawelczyk,vpawelczyk8v@bizjournals.com,Female,179.254.128.171
321,Estrellita,Cogswell,ecogswell8w@php.net,Female,148.155.134.150
322,Michail,Vasilik,mvasilik8x@exblog.jp,Male,42.58.218.84
323,Gun,Castellanos,gcastellanos8y@feedburner.com,Male,24.99.100.12
324,Trent,Bertram,tbertram8z@weather.com,Polygender,140.234.7.114
325,Alfie,Paling,apaling90@odnoklassniki.ru,Male,191.171.59.145
326,Caryn,Robet,crobet91@nba.com,Agender,78.120.93.80
327,Major,Gierck,mgierck92@cbc.ca,Male,13.184.99.224
328,Stirling,Boseley,sboseley93@constantcontact.com,Male,121.119.27.60
329,Angie,Landers,alanders94@wufoo.com,Female,133.82.172.155
330,Wit,O'Carmody,wocarmody95@amazon.co.uk,Male,82.200.171.100
331,Emmott,Seeds,eseeds96@bbb.org,Male,84.151.111.222
332,Hermione,Keeping,hkeeping97@mail.ru,Female,99.0.84.126
333,Jolee,Dight,jdight98@slideshare.net,Female,255.36.75.165
334,Symon,Mithon,smithon99@ocn.ne.jp,Male,163.188.15.118
335,Emile,Jarritt,ejarritt9a@state.tx.us,Male,55.212.143.5
336,Karlik,Tuffield,ktuffield9b@hibu.com,Male,232.192.222.148
337,Clarence,Grievson,cgrievson9c@hibu.com,Male,68.192.61.217
338,Belle,Bruggeman,bbruggeman9d@qq.com,Female,112.102.89.230
339,Ring,Vivian,rvivian9e@pinterest.com,Male,93.254.123.237
340,Adelice,Sirett,asirett9f@reddit.com,Female,185.85.116.210
341,Terri,Leband,tleband9g@admin.ch,Male,23.7.75.39
342,Liza,Baal,lbaal9h@behance.net,Female,102.217.108.107
343,Alie,Van Weedenburg,avanweedenburg9i@alexa.com,Female,180.240.171.51
344,Rik,Angliss,rangliss9j@jimdo.com,Male,134.212.90.108
345,Collin,Coldtart,ccoldtart9k@weebly.com,Male,147.109.86.35
346,Mala,Drynan,mdrynan9l@marriott.com,Female,231.171.225.77
347,Quint,Chown,qchown9m@nba.com,Genderfluid,209.20.102.157
348,Bartholomeus,Blondin,bblondin9n@soup.io,Male,11.207.11.216
349,Clarance,Godilington,cgodilington9o@washington.edu,Male,216.37.13.52
350,Valli,Meeking,vmeeking9p@bravesites.com,Female,55.24.52.190
351,Rodrique,Boliver,rboliver9q@adobe.com,Male,198.220.24.95
352,Mohammed,Richichi,mrichichi9r@twitpic.com,Male,0.201.32.214
353,Annamarie,Challen,achallen9s@guardian.co.uk,Female,115.150.73.94
354,Alexandros,Lufkin,alufkin9t@telegraph.co.uk,Male,119.245.38.109
355,Brod,Stanger,bstanger9u@surveymonkey.com,Male,211.146.123.225
356,Camile,Galland,cgalland9v@canalblog.com,Female,89.107.171.49
357,Florri,Aspel,faspel9w@storify.com,Female,103.112.169.76
358,Tabina,Trevon,ttrevon9x@pagesperso-orange.fr,Female,186.204.121.78
359,Barty,Jahnisch,bjahnisch9y@ibm.com,Male,25.111.55.17
360,Wyatan,Gergus,wgergus9z@time.com,Male,190.164.4.14
361,Gasparo,Hannent,ghannenta0@sciencedirect.com,Male,207.129.65.149
362,Olly,Mullaly,omullalya1@google.it,Male,34.16.217.75
363,Lynna,Careless,lcarelessa2@forbes.com,Female,241.143.83.7
364,Helli,Danovich,hdanovicha3@seesaa.net,Female,57.2.127.181
365,Seward,Hugenin,shugenina4@foxnews.com,Male,134.202.197.236
366,Salomo,Fullylove,sfullylovea5@digg.com,Male,114.97.233.135
367,Banky,Grix,bgrixa6@sfgate.com,Male,149.13.109.253
368,Angelle,Hilary,ahilarya7@forbes.com,Female,68.77.104.44
369,Corey,Surgood,csurgooda8@netvibes.com,Male,170.227.77.221
370,Rupert,Hasluck,rhaslucka9@cnet.com,Male,233.196.29.190
371,Toni,Woodgate,twoodgateaa@netvibes.com,Female,6.40.7.176
372,Lynnelle,Priest,lpriestab@arstechnica.com,Female,231.109.48.16
373,Ruy,Tirte,rtirteac@vkontakte.ru,Male,9.63.200.39
374,Lemmy,Budibent,lbudibentad@cyberchimps.com,Male,83.134.84.25
375,Hastings,Olivello,holivelloae@rediff.com,Male,1.97.240.225
376,Daveta,Bremond,dbremondaf@angelfire.com,Female,47.114.29.204
377,Cristiano,Bredee,cbredeeag@taobao.com,Male,21.189.96.227
378,Tailor,Augur,taugurah@gnu.org,Male,124.234.71.146
379,Jarvis,Trahar,jtraharai@bravesites.com,Male,22.62.84.85
380,Myrtia,Turneux,mturneuxaj@msu.edu,Female,94.10.36.67
381,Marjory,Erington,meringtonak@phpbb.com,Female,42.55.169.114
382,Kathlin,Wolpert,kwolpertal@msu.edu,Female,131.48.204.133
383,Charles,Hudson,chudsonam@about.com,Male,66.3.25.47
384,Sigismond,Bice,sbicean@discovery.com,Genderfluid,17.202.9.27
385,Shannon,Hickisson,shickissonao@alibaba.com,Female,49.141.123.118
386,Darda,Ayree,dayreeap@youtube.com,Female,200.176.236.97
387,Frank,Sill,fsillaq@geocities.com,Male,240.83.113.193
388,Tate,Tommeo,ttommeoar@mapy.cz,Male,217.242.82.43
389,Sammy,Kennon,skennonas@guardian.co.uk,Male,242.0.12.253
390,Jacenta,Osbiston,josbistonat@google.co.jp,Female,217.185.155.246
391,Yevette,Bickerton,ybickertonau@dedecms.com,Female,148.234.168.162
392,Tobie,Coggen,tcoggenav@topsy.com,Male,169.74.50.86
393,Faunie,Cocozza,fcocozzaaw@kickstarter.com,Female,113.253.110.216
394,Leora,Seavers,lseaversax@samsung.com,Female,239.139.221.104
395,Fair,Tonner,ftonneray@nsw.gov.au,Male,51.154.184.35
396,Yasmin,Edghinn,yedghinnaz@loc.gov,Female,78.252.116.69
397,Aluino,Ximenez,aximenezb0@eepurl.com,Male,20.8.237.147
398,Christa,Philippon,cphilipponb1@spotify.com,Female,234.193.48.130
399,Tammy,Cleugh,tcleughb2@instagram.com,Genderqueer,177.92.213.226
400,Beverlee,Kruszelnicki,bkruszelnickib3@huffingtonpost.com,Female,197.2.237.126
401,Keefer,Bradder,kbradderb4@typepad.com,Male,95.157.44.162
402,Valera,Winspar,vwinsparb5@unc.edu,Female,142.46.90.158
403,Noella,Houndesome,nhoundesomeb6@yellowpages.com,Agender,100.68.20.52
404,Nettie,Vieyra,nvieyrab7@stumbleupon.com,Female,236.91.238.35
405,Reeva,Farahar,rfaraharb8@miibeian.gov.cn,Female,143.6.53.134
406,Cly,Perrott,cperrottb9@myspace.com,Male,163.76.197.125
407,Sybilla,Henningham,shenninghamba@marketwatch.com,Female,164.186.199.61
408,Lorinda,Rastrick,lrastrickbb@accuweather.com,Female,177.43.108.252
409,Marty,Byfford,mbyffordbc@cafepress.com,Male,57.204.130.68
410,Alano,Lakin,alakinbd@google.cn,Male,185.92.168.224
411,Roscoe,Arlt,rarltbe@telegraph.co.uk,Male,188.111.187.117
412,Kara,Munden,kmundenbf@nsw.gov.au,Female,188.42.155.162
413,Bobby,Todeo,btodeobg@wikipedia.org,Female,254.42.29.252
414,Urson,Joint,ujointbh@ezinearticles.com,Genderfluid,1.191.132.177
415,Taylor,Ghilardini,tghilardinibi@oakley.com,Male,158.194.125.196
416,Candide,Hazelden,chazeldenbj@opensource.org,Female,178.201.246.44
417,Arie,Mityushin,amityushinbk@theatlantic.com,Male,231.135.83.185
418,Kiri,Jays,kjaysbl@oracle.com,Female,154.218.172.92
419,Darlene,Swalough,dswaloughbm@prnewswire.com,Female,92.194.3.6
420,Livvie,Hacking,lhackingbn@delicious.com,Female,248.254.143.76
421,Cherlyn,Paradise,cparadisebo@hatena.ne.jp,Female,121.177.15.62
422,Quinn,Creffeild,qcreffeildbp@who.int,Male,184.207.91.66
423,Gaylord,Stihl,gstihlbq@pagesperso-orange.fr,Male,233.246.18.15
424,Vachel,MacCallam,vmaccallambr@jalbum.net,Male,176.170.197.83
425,Hamlin,Cordeiro,hcordeirobs@a8.net,Male,31.243.154.195
426,Rana,Kibel,rkibelbt@ted.com,Female,140.158.26.161
427,Adela,Phillips,aphillipsbu@disqus.com,Female,44.121.185.129
428,Rand,Cristoforetti,rcristoforettibv@sciencedaily.com,Male,160.182.247.202
429,Pia,Whitely,pwhitelybw@wsj.com,Female,185.111.141.52
430,Nickolas,Schofield,nschofieldbx@statcounter.com,Male,132.70.254.218
431,Vladimir,Reuss,vreussby@wiley.com,Genderqueer,75.93.148.79
432,Fritz,Petroff,fpetroffbz@studiopress.com,Male,218.69.255.47
433,Etan,Woakes,ewoakesc0@163.com,Male,89.136.54.27
434,Dora,Binfield,dbinfieldc1@irs.gov,Female,54.20.205.0
435,Pauletta,Bemment,pbemmentc2@spotify.com,Female,204.55.53.212
436,Felicio,Endecott,fendecottc3@eepurl.com,Male,247.214.102.239
437,Franky,Blucher,fblucherc4@hostgator.com,Female,223.135.99.242
438,Ania,Bodicam,abodicamc5@homestead.com,Female,210.97.169.142
439,Skippy,Humbert,shumbertc6@google.com.au,Male,180.202.246.42
440,Risa,Murtagh,rmurtaghc7@sohu.com,Genderqueer,93.201.121.221
441,Edita,Sokale,esokalec8@weibo.com,Female,162.87.114.136
442,Amble,Jansen,ajansenc9@gmpg.org,Non-binary,81.15.56.34
443,Marisa,Rassell,mrassellca@twitter.com,Female,34.223.39.82
444,Maribel,Ninotti,mninotticb@ning.com,Female,38.182.31.87
445,Austin,Friedank,afriedankcc@cbslocal.com,Genderqueer,118.143.33.171
446,Asher,Bembridge,abembridgecd@nytimes.com,Male,37.78.205.197
447,Alicia,Antoinet,aantoinetce@hp.com,Female,33.204.116.241
448,Brose,Sedman,bsedmancf@list-manage.com,Male,183.64.94.134
449,Noellyn,Beran,nberancg@examiner.com,Female,148.42.14.80
450,Joane,Lawtey,jlawteych@xinhuanet.com,Female,48.53.190.90
451,Latrina,Spendlove,lspendloveci@woothemes.com,Female,54.150.122.19
452,Hodge,Dungate,hdungatecj@cafepress.com,Male,101.128.110.74
453,Elisha,McCreedy,emccreedyck@nba.com,Female,154.111.100.163
454,Almeta,Cotton,acottoncl@behance.net,Female,20.109.131.18
455,Wrennie,Conradie,wconradiecm@51.la,Female,253.9.252.229
456,Cherilyn,Winchcombe,cwinchcombecn@wired.com,Female,5.71.238.131
457,Merrill,Court,mcourtco@plala.or.jp,Genderfluid,180.173.75.145
458,Lanae,Delves,ldelvescp@slate.com,Female,18.1.84.92
459,Cassius,Mainds,cmaindscq@tamu.edu,Genderfluid,78.204.131.44
460,Maria,Bettesworth,mbettesworthcr@symantec.com,Female,220.235.0.22
461,Dianna,Greenrodd,dgreenroddcs@example.com,Female,169.12.209.29
462,Henryetta,Insull,hinsullct@usnews.com,Female,138.195.58.5
463,Nani,Alu,nalucu@pinterest.com,Female,167.47.118.193
464,Findley,Frostick,ffrostickcv@japanpost.jp,Male,252.166.173.22
465,Hedvig,Jendrassik,hjendrassikcw@deviantart.com,Female,213.237.235.212
466,Davie,Breawood,dbreawoodcx@xinhuanet.com,Male,215.121.12.69
467,Ezequiel,Bambery,ebamberycy@yale.edu,Male,128.106.119.181
468,Zsazsa,Quilliam,zquilliamcz@seesaa.net,Female,114.148.30.251
469,Addison,Pauncefoot,apauncefootd0@umich.edu,Male,109.180.155.136
470,Morley,M'Quharg,mmquhargd1@wikia.com,Male,231.154.102.200
471,Margaret,Germaine,mgermained2@dailymail.co.uk,Female,2.45.145.132
472,Lexi,Losseljong,llosseljongd3@yolasite.com,Female,142.64.156.58
473,Tudor,Dunstone,tdunstoned4@si.edu,Polygender,56.45.16.39
474,Anette,Pynner,apynnerd5@ucoz.ru,Female,190.92.215.142
475,Stevena,McGarvie,smcgarvied6@ca.gov,Female,115.169.45.224
476,Malchy,Bachelar,mbachelard7@sakura.ne.jp,Male,22.151.33.219
477,Antonie,Averay,aaverayd8@unicef.org,Agender,123.226.211.195
478,Padraig,Barbe,pbarbed9@reuters.com,Male,149.133.235.99
479,Valene,Hopfner,vhopfnerda@unc.edu,Female,25.128.230.9
480,Crissie,Fackney,cfackneydb@list-manage.com,Female,43.204.60.214
481,Joelynn,Wabe,jwabedc@booking.com,Female,199.36.48.104
482,Rosina,McIan,rmciandd@google.cn,Female,45.123.241.22
483,Delainey,Breslauer,dbreslauerde@phoca.cz,Male,91.122.98.135
484,Dorisa,Stilly,dstillydf@parallels.com,Female,176.233.44.11
485,Melisent,Sidgwick,msidgwickdg@home.pl,Female,157.22.96.30
486,Rayshell,Jeness,rjenessdh@weebly.com,Female,221.156.46.205
487,Merilyn,Phillcox,mphillcoxdi@cisco.com,Female,113.96.40.39
488,Kain,Dwelley,kdwelleydj@npr.org,Male,47.23.150.24
489,Loni,Morman,lmormandk@nytimes.com,Female,13.206.95.194
490,Katharine,Maleney,kmaleneydl@tiny.cc,Female,207.250.193.184
491,Allyson,Hassett,ahassettdm@blogger.com,Female,229.58.159.225
492,Brandea,Suett,bsuettdn@umich.edu,Female,75.85.54.192
493,Jeannette,Leaton,jleatondo@youtu.be,Female,139.116.133.128
494,Cairistiona,Spellman,cspellmandp@cdc.gov,Female,8.120.193.225
495,Sigrid,Gleadle,sgleadledq@noaa.gov,Female,16.80.61.160
496,Prentice,Fann,pfanndr@4shared.com,Genderqueer,86.88.188.196
497,Corly,Shepperd,cshepperdds@aol.com,Female,20.200.198.20
498,Isacco,Taylot,itaylotdt@live.com,Male,143.63.241.208
499,Marcus,Whartonby,mwhartonbydu@whitehouse.gov,Male,170.150.243.205
500,Zerk,McVittie,zmcvittiedv@sina.com.cn,Male,190.108.14.107
501,Jeniece,Stanmore,jstanmoredw@go.com,Polygender,33.114.99.178
502,Justis,Medmore,jmedmoredx@digg.com,Male,243.14.250.35
503,Salomo,Bromont,sbromontdy@icq.com,Male,205.177.46.144
504,Randie,Helks,rhelksdz@bbc.co.uk,Female,228.226.45.32
505,Edwin,Witsey,ewitseye0@nasa.gov,Male,135.183.31.12
506,Lorianna,Lies,lliese1@ibm.com,Genderfluid,73.167.87.94
507,Vittoria,Lindmark,vlindmarke2@comsenz.com,Female,241.105.136.53
508,Kippy,Sturney,ksturneye3@github.io,Female,59.96.220.63
509,Suzanne,McMurty,smcmurtye4@china.com.cn,Female,18.173.141.36
510,Valle,Merit,vmerite5@oaic.gov.au,Male,78.243.152.165
511,Denys,Kyme,dkymee6@blinklist.com,Male,61.181.227.28
512,Philippe,Loveland,plovelande7@earthlink.net,Female,49.127.45.66
513,Nikki,Robotham,nrobothame8@guardian.co.uk,Agender,16.19.81.131
514,Jeddy,Mersey,jmerseye9@fc2.com,Male,248.48.41.155
515,Nada,Soppett,nsoppettea@biblegateway.com,Female,119.92.13.127
516,Any,Overy,aoveryeb@1688.com,Male,149.111.138.0
517,Lizabeth,Artist,lartistec@sina.com.cn,Female,8.10.173.121
518,Jessica,Wenzel,jwenzeled@mozilla.com,Female,41.41.71.104
519,Jayson,Monnery,jmonneryee@ibm.com,Male,146.24.152.248
520,Mariann,Michelle,mmichelleef@senate.gov,Female,175.113.182.96
521,Harvey,Hulatt,hhulatteg@ucoz.com,Male,218.193.156.23
522,Syd,Ebsworth,sebswortheh@dedecms.com,Male,236.124.80.250
523,Mala,Reisenstein,mreisensteinei@dot.gov,Female,16.22.60.120
524,Rodina,Beare,rbeareej@hubpages.com,Female,85.174.216.49
525,Romola,Ubach,rubachek@51.la,Female,77.74.60.87
526,Lyn,Giannazzi,lgiannazziel@yolasite.com,Female,102.188.251.102
527,Gigi,Schrinel,gschrinelem@slashdot.org,Female,119.123.144.249
528,Juan,McKiernan,jmckiernanen@smh.com.au,Agender,231.129.216.158
529,Matthus,Hurich,mhuricheo@homestead.com,Male,22.90.201.22
530,Shelagh,Tilbey,stilbeyep@independent.co.uk,Female,208.83.194.3
531,Arv,Dimond,adimondeq@ftc.gov,Male,37.148.165.128
532,Simmonds,Chappel,schappeler@cnet.com,Non-binary,66.125.226.155
533,Yorke,Legier,ylegieres@spotify.com,Male,133.134.121.23
534,Stephie,Gantlett,sgantlettet@privacy.gov.au,Genderqueer,82.174.194.11
535,Terencio,O'Duggan,todugganeu@fastcompany.com,Male,7.113.228.235
536,Gayle,Abbatini,gabbatiniev@kickstarter.com,Male,187.176.222.186
537,Raphaela,Godwin,rgodwinew@youtube.com,Female,75.172.227.16
538,Katerina,Grubbe,kgrubbeex@berkeley.edu,Female,217.121.120.78
539,Daryle,Stratiff,dstratiffey@ibm.com,Male,31.4.21.119
540,Bird,Bautiste,bbautisteez@hubpages.com,Female,202.127.6.3
541,North,Dinnies,ndinniesf0@ebay.com,Non-binary,193.57.190.168
542,Shellysheldon,Crowth,scrowthf1@sun.com,Male,253.188.129.83
543,Loise,Dumphries,ldumphriesf2@bloomberg.com,Female,85.205.97.167
544,Reube,Devita,rdevitaf3@amazon.com,Male,168.227.41.104
545,Christie,Fellgate,cfellgatef4@shareasale.com,Male,189.210.101.187
546,Rena,Kapiloff,rkapilofff5@adobe.com,Polygender,208.219.188.197
547,Reinwald,Happel,rhappelf6@dedecms.com,Male,228.113.144.41
548,Muire,Harses,mharsesf7@google.com.au,Female,94.131.59.26
549,Geoffrey,While,gwhilef8@rambler.ru,Male,84.139.145.0
550,Anatol,Scain,ascainf9@1688.com,Male,19.103.128.64
551,Mal,McDougald,mmcdougaldfa@sphinn.com,Male,18.175.234.99
552,Sidnee,Grinsdale,sgrinsdalefb@wikimedia.org,Male,199.137.19.183
553,Darby,Wooderson,dwoodersonfc@comcast.net,Female,110.115.53.13
554,Elizabet,Scarr,escarrfd@creativecommons.org,Female,13.164.239.33
555,Felice,Attwood,fattwoodfe@elegantthemes.com,Male,218.229.148.189
556,Sydelle,Mungin,smunginff@chron.com,Female,142.86.146.193
557,Myrwyn,Orrell,morrellfg@soup.io,Male,52.88.243.236
558,Emmalynne,Dubbin,edubbinfh@parallels.com,Female,202.11.130.247
559,Ilyse,Poel,ipoelfi@aboutads.info,Female,29.157.196.220
560,Robenia,Risdall,rrisdallfj@desdev.cn,Agender,60.205.78.182
561,Isidro,Mattisson,imattissonfk@rambler.ru,Male,245.25.164.39
562,Ruprecht,Blount,rblountfl@sohu.com,Male,69.49.192.248
563,Malissia,Attarge,mattargefm@mozilla.org,Bigender,205.82.198.98
564,Mead,Neilus,mneilusfn@themeforest.net,Non-binary,145.253.241.141
565,Quentin,Topping,qtoppingfo@elpais.com,Female,163.49.95.248
566,Bryana,Elcock,belcockfp@163.com,Female,85.135.29.155
567,Mattias,Cheeney,mcheeneyfq@moonfruit.com,Male,44.80.204.179
568,Kat,Trigwell,ktrigwellfr@tiny.cc,Female,170.177.199.195
569,Arty,Plowell,aplowellfs@so-net.ne.jp,Male,162.149.125.169
570,Ted,Barnes,tbarnesft@google.co.jp,Male,32.58.70.127
571,Clara,Seabon,cseabonfu@google.nl,Female,209.160.129.151
572,Ira,Bunting,ibuntingfv@state.gov,Agender,131.14.15.87
573,Carter,Gookey,cgookeyfw@google.de,Male,0.52.102.163
574,Elana,Tarborn,etarbornfx@bravesites.com,Female,90.203.121.13
575,Monah,Beden,mbedenfy@accuweather.com,Female,162.23.206.144
576,Caron,Morgan,cmorganfz@guardian.co.uk,Female,113.241.199.57
577,Ferd,Verheyden,fverheydeng0@tumblr.com,Male,120.96.119.124
578,Auria,Stawell,astawellg1@globo.com,Female,234.125.121.196
579,Kari,Scrace,kscraceg2@sciencedaily.com,Female,29.225.190.183
580,Dorey,Stannas,dstannasg3@vistaprint.com,Male,147.124.202.39
581,Frasco,Gaylor,fgaylorg4@ovh.net,Male,81.140.229.9
582,Araldo,Thompson,athompsong5@geocities.com,Agender,44.149.219.160
583,Devonna,Cannavan,dcannavang6@marriott.com,Female,79.57.138.246
584,Seumas,Smurfitt,ssmurfittg7@yelp.com,Male,98.65.237.94
585,Webster,Krollman,wkrollmang8@unicef.org,Male,7.45.244.52
586,Fee,Clowsley,fclowsleyg9@hud.gov,Male,98.73.124.153
587,Dorian,Hassey,dhasseyga@springer.com,Male,2.242.42.95
588,Stan,Dixsee,sdixseegb@examiner.com,Male,61.12.227.67
589,Cass,Kellie,ckelliegc@etsy.com,Female,148.127.19.210
590,Stanislas,Lorait,sloraitgd@hud.gov,Male,235.142.66.188
591,Heindrick,Brettell,hbrettellge@weibo.com,Male,227.142.182.170
592,Onfroi,Cockran,ocockrangf@gravatar.com,Male,184.248.170.253
593,Zak,Larcombe,zlarcombegg@ustream.tv,Male,170.219.119.229
594,Basile,Fairbank,bfairbankgh@apple.com,Male,158.199.186.85
595,Boycie,MacLleese,bmaclleesegi@unblog.fr,Male,121.248.193.222
596,Andreas,Heggison,aheggisongj@instagram.com,Non-binary,201.164.225.57
597,Henderson,Olland,hollandgk@photobucket.com,Male,37.31.165.82
598,Kareem,Guinan,kguinangl@comsenz.com,Male,172.154.101.126
599,Gearalt,Talton,gtaltongm@google.co.uk,Male,233.10.35.178
600,Vinson,Vatcher,vvatchergn@va.gov,Male,252.117.139.228
601,Jamal,Moseby,jmosebygo@google.co.uk,Male,161.236.16.46
602,Madelena,Billo,mbillogp@imgur.com,Female,135.193.250.11
603,Patrizio,Stannus,pstannusgq@uiuc.edu,Male,76.102.120.135
604,Ophelia,Probets,oprobetsgr@tripadvisor.com,Genderfluid,193.79.136.21
605,Aldous,Fransemai,afransemaigs@is.gd,Male,13.115.126.61
606,Christie,Wiburn,cwiburngt@nasa.gov,Female,49.131.246.212
607,Edmund,Denziloe,edenziloegu@uol.com.br,Male,161.35.250.175
608,Sutton,Sammut,ssammutgv@1und1.de,Male,14.245.98.100
609,Stace,Luckett,sluckettgw@yahoo.co.jp,Female,21.145.239.231
610,Caril,Hasson,chassongx@opera.com,Female,57.73.113.23
611,Felicle,Jacmar,fjacmargy@reverbnation.com,Female,168.3.209.151
612,Malanie,Sire,msiregz@boston.com,Female,4.185.161.53
613,Arv,Blofeld,ablofeldh0@newyorker.com,Male,251.139.46.205
614,Sharity,Caen,scaenh1@sciencedirect.com,Female,141.241.171.238
615,Roth,MacCroary,rmaccroaryh2@answers.com,Male,242.84.160.127
616,Goldina,Faustian,gfaustianh3@auda.org.au,Female,175.22.242.248
617,Golda,Branwhite,gbranwhiteh4@skype.com,Female,165.73.113.13
618,Diarmid,Christoffe,dchristoffeh5@yolasite.com,Male,7.198.251.169
619,Daren,Marcos,dmarcosh6@comcast.net,Male,145.196.211.31
620,Tatum,Frere,tfrereh7@last.fm,Female,240.164.251.173
621,Sandra,Assiter,sassiterh8@geocities.com,Female,121.1.211.163
622,Daren,Raiman,draimanh9@soup.io,Bigender,134.107.36.56
623,Drud,Salway,dsalwayha@ow.ly,Male,175.81.9.99
624,Liza,Strangeways,lstrangewayshb@over-blog.com,Female,160.31.221.64
625,Bettye,Heed,bheedhc@vinaora.com,Female,252.99.33.189
626,Hyacinthia,Dominik,hdominikhd@etsy.com,Genderqueer,128.158.47.179
627,Ram,Capeloff,rcapeloffhe@linkedin.com,Male,141.111.247.253
628,Michaela,Rudsdell,mrudsdellhf@google.ru,Female,58.230.65.171
629,Ruperta,Loggie,rloggiehg@mediafire.com,Female,97.49.40.74
630,Claresta,Williamson,cwilliamsonhh@go.com,Female,170.231.249.51
631,Filip,Foot,ffoothi@odnoklassniki.ru,Male,152.62.160.134
632,Isidore,Orsi,iorsihj@t-online.de,Male,175.148.68.35
633,Findlay,Weekland,fweeklandhk@dion.ne.jp,Non-binary,221.126.35.67
634,Karlis,Crandon,kcrandonhl@t.co,Agender,238.200.211.94
635,Martino,Patullo,mpatullohm@businesswire.com,Male,43.223.231.249
636,Lindsey,Aicheson,laichesonhn@earthlink.net,Male,174.113.64.23
637,Bevan,Jaggar,bjaggarho@thetimes.co.uk,Male,128.216.99.204
638,Purcell,Haggerty,phaggertyhp@shinystat.com,Male,242.222.198.253
639,Maje,Wegenen,mwegenenhq@hc360.com,Male,160.206.19.111
640,Fredrick,Davley,fdavleyhr@webeden.co.uk,Male,204.92.126.82
641,Cristi,Manuello,cmanuellohs@constantcontact.com,Female,29.128.53.0
642,Hailey,MacGhee,hmacgheeht@intel.com,Male,122.32.210.4
643,Vitia,Grigolashvill,vgrigolashvillhu@oracle.com,Female,220.144.49.53
644,Paulette,Neller,pnellerhv@google.de,Female,145.29.69.106
645,Jermayne,Hariot,jhariothw@oakley.com,Genderfluid,33.75.34.137
646,Colby,Cogin,ccoginhx@elegantthemes.com,Male,78.63.56.81
647,Cornelia,Dayce,cdaycehy@goo.gl,Female,255.45.177.245
648,Doloritas,Ravenhill,dravenhillhz@cdbaby.com,Female,230.151.136.49
649,Jennee,D'Agostini,jdagostinii0@blogs.com,Female,73.247.42.213
650,Bobbye,Antosik,bantosiki1@cargocollective.com,Female,97.212.179.251
651,Laure,Allmen,lallmeni2@irs.gov,Agender,105.194.180.96
652,Reagen,Pelerin,rpelerini3@disqus.com,Male,165.224.117.225
653,Jasmina,Bullas,jbullasi4@flavors.me,Female,12.47.234.135
654,Reinald,Sudell,rsudelli5@naver.com,Male,122.12.126.174
655,Anabelle,Soda,asodai6@buzzfeed.com,Polygender,43.124.35.153
656,Esther,Filipovic,efilipovici7@time.com,Female,28.98.251.194
657,Fanchette,Dalgleish,fdalgleishi8@furl.net,Female,30.72.39.22
658,Doyle,Kingswood,dkingswoodi9@blogger.com,Male,255.182.197.93
659,Janith,Hacard,jhacardia@deliciousdays.com,Non-binary,39.37.123.20
660,Frederik,Durno,fdurnoib@jigsy.com,Male,53.83.213.60
661,Ossie,Crookshank,ocrookshankic@admin.ch,Male,187.230.32.113
662,Marylin,Jeyness,mjeynessid@tinyurl.com,Female,172.202.221.30
663,Roselin,Delieu,rdelieuie@g.co,Female,130.3.128.157
664,Archie,Thurstan,athurstanif@whitehouse.gov,Male,99.221.10.36
665,Lucine,Huniwall,lhuniwallig@fema.gov,Female,254.24.81.161
666,Welbie,Abramski,wabramskiih@symantec.com,Male,167.113.64.99
667,Cary,Keunemann,ckeunemannii@taobao.com,Male,37.122.211.6
668,Nickie,Hadley,nhadleyij@nydailynews.com,Female,188.169.116.236
669,Syd,Mattinson,smattinsonik@github.com,Male,193.20.65.52
670,Brandise,Di Pietro,bdipietroil@yelp.com,Female,47.159.225.157
671,Melli,Donnett,mdonnettim@loc.gov,Female,182.207.205.11
672,Cairistiona,Davidzon,cdavidzonin@godaddy.com,Female,222.165.121.5
673,Durand,Roycroft,droycroftio@deliciousdays.com,Male,25.2.138.140
674,Erda,Leyes,eleyesip@naver.com,Female,126.168.52.239
675,Glenden,MacLaig,gmaclaigiq@tiny.cc,Male,219.114.57.150
676,Beau,Hauxley,bhauxleyir@jalbum.net,Male,94.53.117.117
677,Temple,Forsyth,tforsythis@acquirethisname.com,Male,115.123.167.58
678,Babette,Horick,bhorickit@aboutads.info,Female,234.58.160.179
679,Drusilla,Wolstencroft,dwolstencroftiu@ucoz.com,Bigender,195.152.195.154
680,Xymenes,Birdwhistle,xbirdwhistleiv@stanford.edu,Male,198.206.40.150
681,Elyssa,Giacoppoli,egiacoppoliiw@etsy.com,Female,120.236.160.131
682,Pete,Siddeley,psiddeleyix@illinois.edu,Male,198.33.57.118
683,Malachi,Hutchence,mhutchenceiy@wired.com,Male,187.154.243.249
684,Ruthann,Ferneley,rferneleyiz@cisco.com,Female,204.181.49.106
685,Allie,Kersaw,akersawj0@nasa.gov,Female,75.58.196.104
686,Anderson,McClaren,amcclarenj1@amazon.de,Male,221.144.182.199
687,Aurilia,Bonsul,abonsulj2@wordpress.com,Female,224.234.12.250
688,Barbaraanne,Broster,bbrosterj3@bloomberg.com,Female,169.54.184.125
689,Tuck,Cavaney,tcavaneyj4@alexa.com,Male,172.239.198.37
690,Jarret,Pedrocchi,jpedrocchij5@ca.gov,Male,165.46.4.181
691,Aura,Touzey,atouzeyj6@geocities.jp,Female,102.182.5.195
692,Adriana,Lindsey,alindseyj7@deviantart.com,Agender,12.233.136.118
693,Cherilynn,Lanyon,clanyonj8@statcounter.com,Female,92.213.69.70
694,Flo,Di Ruggero,fdiruggeroj9@mac.com,Female,41.64.13.168
695,Launce,Bea,lbeaja@theguardian.com,Male,192.83.7.81
696,Eudora,Hayhoe,ehayhoejb@shop-pro.jp,Non-binary,177.62.185.179
697,Micky,Burnage,mburnagejc@multiply.com,Male,19.189.151.27
698,Stacee,Darrach,sdarrachjd@china.com.cn,Female,189.185.162.21
699,Boony,Jayme,bjaymeje@sina.com.cn,Male,159.42.159.53
700,Pavlov,Musto,pmustojf@reuters.com,Male,156.65.211.241
701,Lonnie,Tabert,ltabertjg@domainmarket.com,Male,17.6.36.199
702,Floria,Pidgeley,fpidgeleyjh@wp.com,Female,237.93.147.215
703,Dolores,Mathelin,dmathelinji@sitemeter.com,Female,83.216.238.82
704,Annabal,Checklin,achecklinjj@e-recht24.de,Agender,142.61.246.174
705,Donaugh,Fisher,dfisherjk@java.com,Male,188.57.234.96
706,Velma,Muggeridge,vmuggeridgejl@seesaa.net,Female,50.3.34.171
707,See,Mitskevich,smitskevichjm@bigcartel.com,Male,137.84.50.213
708,Leia,Climar,lclimarjn@baidu.com,Female,181.104.209.79
709,Federica,Week,fweekjo@bing.com,Female,250.13.141.206
710,Justina,Malloy,jmalloyjp@hibu.com,Female,54.138.47.8
711,Mellisent,de Bullion,mdebullionjq@sfgate.com,Female,14.8.98.126
712,Rossy,Tytler,rtytlerjr@cdbaby.com,Male,64.21.3.51
713,Lambert,Bromell,lbromelljs@w3.org,Male,53.119.4.239
714,Karissa,Ioan,kioanjt@cnn.com,Female,209.214.175.100
715,Jeannette,Lumby,jlumbyju@wiley.com,Female,104.135.210.83
716,Ferrell,Syrie,fsyriejv@cdc.gov,Male,182.203.64.157
717,Dylan,Widocks,dwidocksjw@slideshare.net,Male,142.130.113.235
718,Caryn,Stallon,cstallonjx@hc360.com,Female,223.140.152.232
719,Carce,Winsley,cwinsleyjy@cbsnews.com,Male,127.170.131.173
720,Hans,John,hjohnjz@jimdo.com,Male,134.64.146.189
721,Stepha,Kinnett,skinnettk0@weebly.com,Female,205.60.80.81
722,Rachelle,Tredget,rtredgetk1@blogtalkradio.com,Female,91.81.225.128
723,Ingaberg,Combe,icombek2@bizjournals.com,Female,168.250.173.181
724,Arielle,Stambridge,astambridgek3@livejournal.com,Female,57.219.97.74
725,Cloe,Pendlenton,cpendlentonk4@cam.ac.uk,Female,229.18.43.113
726,Natasha,Wallbanks,nwallbanksk5@sun.com,Polygender,34.207.235.53
727,Bartolomeo,Govey,bgoveyk6@statcounter.com,Male,133.170.93.255
728,Kara-lynn,FitzGilbert,kfitzgilbertk7@altervista.org,Female,123.175.141.81
729,Phylis,Covet,pcovetk8@dailymotion.com,Female,78.4.210.226
730,Jerry,Maynell,jmaynellk9@sciencedirect.com,Female,236.33.188.109
731,Brantley,Morat,bmoratka@springer.com,Male,192.242.248.108
732,Geno,Vedntyev,gvedntyevkb@netvibes.com,Male,104.131.96.27
733,Angelika,Chaulk,achaulkkc@diigo.com,Female,139.44.208.169
734,Arlyn,Cronin,acroninkd@paypal.com,Female,14.248.221.42
735,Dory,Kupisz,dkupiszke@vkontakte.ru,Female,71.233.36.171
736,Nevsa,Cymper,ncymperkf@eepurl.com,Female,147.115.99.16
737,Upton,Leban,ulebankg@mac.com,Male,113.239.113.53
738,Letty,Bullimore,lbullimorekh@reverbnation.com,Female,120.48.127.254
739,Gianina,Brawley,gbrawleyki@taobao.com,Female,72.133.71.86
740,Arie,Le land,alelandkj@rediff.com,Male,27.234.152.50
741,Ody,Teggin,otegginkk@mlb.com,Male,72.59.62.99
742,Ebenezer,Lanfranchi,elanfranchikl@jiathis.com,Male,238.151.162.95
743,Arron,Wedmore,awedmorekm@techcrunch.com,Male,50.222.136.26
744,Agustin,Grigorushkin,agrigorushkinkn@geocities.jp,Male,71.91.172.230
745,Tad,MacLice,tmacliceko@hostgator.com,Male,175.201.97.161
746,Harley,Darey,hdareykp@apache.org,Female,255.220.94.205
747,Candie,Dumblton,cdumbltonkq@irs.gov,Genderfluid,105.191.13.183
748,Delmor,Arger,dargerkr@stanford.edu,Male,251.228.124.66
749,Julie,Harsent,jharsentks@github.io,Female,194.81.207.139
750,Willy,Jefferies,wjefferieskt@japanpost.jp,Male,102.239.165.20
751,Stu,Klesse,sklesseku@de.vu,Male,74.113.151.44
752,Beck,Nigh,bnighkv@hud.gov,Male,3.42.22.237
753,Filip,Cosbey,fcosbeykw@yahoo.com,Male,210.103.149.78
754,Otis,Minillo,ominillokx@constantcontact.com,Male,67.161.127.28
755,Johanna,Licciardi,jlicciardiky@quantcast.com,Female,164.10.209.58
756,Inglebert,Mayler,imaylerkz@mayoclinic.com,Male,198.188.26.82
757,Germaine,Dyble,gdyblel0@fotki.com,Male,110.90.104.102
758,Tomas,Corkel,tcorkell1@bluehost.com,Male,61.152.187.210
759,Stanford,Morphet,smorphetl2@sohu.com,Male,249.87.244.93
760,Dill,Kumaar,dkumaarl3@etsy.com,Polygender,243.184.232.12
761,Catlee,Melior,cmeliorl4@tmall.com,Female,77.135.4.70
762,Sloan,Cockett,scockettl5@reference.com,Male,150.28.64.99
763,Consuela,McQuin,cmcquinl6@vimeo.com,Female,186.150.180.41
764,Nollie,Aldgate,naldgatel7@tmall.com,Female,196.0.220.56
765,Van,Wheelton,vwheeltonl8@so-net.ne.jp,Female,194.27.55.209
766,Selina,Hannam,shannaml9@spiegel.de,Female,177.22.130.100
767,Amble,Luberto,alubertola@ameblo.jp,Male,24.15.60.81
768,Randee,McIlenna,rmcilennalb@stumbleupon.com,Female,187.19.142.153
769,Luis,Shadfourth,lshadfourthlc@dailymail.co.uk,Male,56.78.54.196
770,Roana,Lambal,rlamballd@youtube.com,Female,193.241.178.67
771,Karlie,Kimm,kkimmle@elegantthemes.com,Female,88.202.170.51
772,Jule,Siley,jsileylf@altervista.org,Male,148.227.177.180
773,Bale,Caught,bcaughtlg@arstechnica.com,Male,32.168.127.49
774,Jeffy,Kelly,jkellylh@chronoengine.com,Male,24.4.192.154
775,Keenan,Dunston,kdunstonli@example.com,Male,139.34.167.70
776,Verney,Stillmann,vstillmannlj@sina.com.cn,Male,20.61.58.94
777,Isidoro,Brody,ibrodylk@wunderground.com,Male,137.32.252.197
778,Ferdinand,Toombes,ftoombesll@google.fr,Male,211.75.85.68
779,Daryle,Antonijevic,dantonijeviclm@cbsnews.com,Male,196.135.94.117
780,Mollee,Sharer,msharerln@parallels.com,Female,173.155.81.229
781,Dianna,Trowl,dtrowllo@berkeley.edu,Female,160.4.192.148
782,Maynard,Manville,mmanvillelp@sphinn.com,Male,183.96.248.27
783,Lemmy,Humerstone,lhumerstonelq@typepad.com,Male,165.58.73.85
784,Deanne,Dinsale,ddinsalelr@who.int,Female,20.61.115.239
785,Benedict,Paraman,bparamanls@samsung.com,Male,127.125.128.162
786,Joeann,Heritege,jheritegelt@friendfeed.com,Female,39.21.24.168
787,Osbert,Switsur,oswitsurlu@privacy.gov.au,Male,236.46.200.220
788,Diena,Izzard,dizzardlv@meetup.com,Female,58.134.22.219
789,Eve,Padilla,epadillalw@miibeian.gov.cn,Female,158.79.218.102
790,Fayina,Sheilds,fsheildslx@wsj.com,Female,119.254.128.110
791,Tremayne,Hindmore,thindmorely@blogs.com,Male,233.201.109.25
792,Leupold,Edwins,ledwinslz@tuttocitta.it,Male,153.28.46.238
793,Carol-jean,Beardsell,cbeardsellm0@icq.com,Female,55.17.23.136
794,Florrie,Olanda,folandam1@tamu.edu,Female,22.70.172.75
795,Barty,Wilber,bwilberm2@i2i.jp,Male,9.36.188.198
796,Franzen,Leal,flealm3@barnesandnoble.com,Male,22.30.33.44
797,Lindon,Knellen,lknellenm4@sphinn.com,Male,249.7.234.219
798,Alberto,Kinmond,akinmondm5@admin.ch,Male,87.123.179.99
799,Bertine,Bodle,bbodlem6@edublogs.org,Female,64.25.120.55
800,Mart,Rands,mrandsm7@patch.com,Male,166.75.45.232
801,Paulette,Barnby,pbarnbym8@theglobeandmail.com,Female,91.73.121.104
802,Marin,Harrhy,mharrhym9@harvard.edu,Female,32.28.72.89
803,Carree,Skirving,cskirvingma@prlog.org,Genderfluid,147.115.37.6
804,Anthea,Giberd,agiberdmb@ehow.com,Female,207.220.223.87
805,Elva,Lepoidevin,elepoidevinmc@jiathis.com,Genderfluid,221.144.117.181
806,Jaymee,Yude,jyudemd@nydailynews.com,Female,92.39.131.3
807,Barnett,Kegg,bkeggme@scientificamerican.com,Male,58.146.243.51
808,Twila,Basill,tbasillmf@mozilla.org,Female,10.250.40.185
809,Faye,Balkwill,fbalkwillmg@ezinearticles.com,Female,218.64.73.52
810,Adah,McInnery,amcinnerymh@google.ca,Female,128.179.110.160
811,Myriam,Goslin,mgoslinmi@nydailynews.com,Female,140.46.189.52
812,Ryun,Kiffe,rkiffemj@marriott.com,Male,181.94.25.207
813,Orsola,Blue,obluemk@fda.gov,Female,172.28.254.102
814,Rosella,Tarling,rtarlingml@hubpages.com,Female,219.166.76.50
815,Innis,Rooson,iroosonmm@sitemeter.com,Male,206.81.205.80
816,Elayne,Buxton,ebuxtonmn@qq.com,Female,197.133.147.101
817,Shell,Askham,saskhammo@mashable.com,Polygender,127.45.131.120
818,Dolph,Burman,dburmanmp@cbc.ca,Male,108.230.143.0
819,Christi,Grievson,cgrievsonmq@msu.edu,Female,79.85.250.143
820,Saxe,Hamnett,shamnettmr@themeforest.net,Male,79.70.17.89
821,Therese,Iorillo,tiorilloms@slashdot.org,Female,239.201.99.160
822,Rip,Luquet,rluquetmt@amazonaws.com,Male,30.72.135.194
823,Melitta,Daber,mdabermu@sphinn.com,Female,207.7.47.203
824,Hermie,Seago,hseagomv@dailymotion.com,Male,218.110.172.18
825,Danice,Denyakin,ddenyakinmw@shinystat.com,Polygender,77.27.88.38
826,Jenilee,Bielby,jbielbymx@china.com.cn,Female,181.231.143.215
827,Randi,Jakoubec,rjakoubecmy@meetup.com,Female,3.196.38.51
828,Dalia,Fellis,dfellismz@uiuc.edu,Female,114.206.38.70
829,Coralie,Bayley,cbayleyn0@canalblog.com,Female,143.250.190.113
830,Lani,Farrell,lfarrelln1@techcrunch.com,Genderfluid,206.45.132.159
831,Kaylee,Granville,kgranvillen2@yellowbook.com,Female,77.118.15.221
832,Gregor,Benettelli,gbenettellin3@ycombinator.com,Non-binary,53.148.37.253
833,Thomasina,Goodsir,tgoodsirn4@mlb.com,Female,79.150.192.61
834,Kaylyn,Gwilym,kgwilymn5@tripadvisor.com,Female,137.224.152.131
835,Georgianne,Sallnow,gsallnown6@baidu.com,Female,146.171.29.196
836,Noemi,Evill,nevilln7@miibeian.gov.cn,Female,137.19.19.49
837,Marsh,Honeyghan,mhoneyghann8@amazon.com,Male,215.173.61.26
838,Morse,Casella,mcasellan9@sbwire.com,Male,155.23.162.239
839,Kimbra,Wimbridge,kwimbridgena@histats.com,Female,229.166.37.7
840,Meryl,Bamber,mbambernb@howstuffworks.com,Female,20.0.134.77
841,Hadrian,Klamman,hklammannc@rediff.com,Male,202.212.19.106
842,Davie,Philippsohn,dphilippsohnnd@ask.com,Male,39.103.75.225
843,Weidar,Raynham,wraynhamne@constantcontact.com,Male,193.61.78.244
844,Bride,Oleksinski,boleksinskinf@springer.com,Female,135.41.213.5
845,Lynda,Astlett,lastlettng@istockphoto.com,Female,173.176.148.224
846,Myrwyn,Handsheart,mhandsheartnh@google.pl,Male,132.120.127.54
847,Ian,Clingan,iclinganni@pbs.org,Male,44.55.175.218
848,Elysha,Cumbridge,ecumbridgenj@google.ca,Female,49.158.234.193
849,Garrek,Beushaw,gbeushawnk@thetimes.co.uk,Genderfluid,123.163.244.170
850,Ericha,D'Ambrosi,edambrosinl@hhs.gov,Female,96.34.131.228
851,Sylvan,Dillestone,sdillestonenm@newyorker.com,Male,134.14.208.218
852,Gusty,Larman,glarmannn@delicious.com,Female,210.227.37.238
853,Halli,Lamyman,hlamymanno@microsoft.com,Female,183.61.191.72
854,Simonne,Rosenbarg,srosenbargnp@youku.com,Female,171.197.70.126
855,Jojo,Fardo,jfardonq@wikimedia.org,Female,69.43.234.55
856,Hillard,Rippingale,hrippingalenr@blog.com,Male,55.193.167.64
857,Maurise,Camies,mcamiesns@cisco.com,Agender,204.124.143.203
858,Emylee,Massenhove,emassenhovent@geocities.jp,Female,140.170.210.106
859,Kory,Thor,kthornu@shop-pro.jp,Agender,152.36.81.43
860,Giraud,Dreher,gdrehernv@studiopress.com,Bigender,80.89.170.104
861,Tybi,Blanpein,tblanpeinnw@edublogs.org,Female,180.38.142.10
862,Danyelle,Moxted,dmoxtednx@printfriendly.com,Female,200.101.178.86
863,Mireielle,Reen,mreenny@sciencedaily.com,Female,87.90.108.208
864,Delora,Tomsett,dtomsettnz@admin.ch,Female,171.232.206.50
865,Les,Mashal,lmashalo0@alexa.com,Male,28.215.86.241
866,Charles,Balke,cbalkeo1@wufoo.com,Male,70.119.44.127
867,Teri,de Cullip,tdecullipo2@github.io,Bigender,175.21.110.53
868,Nellie,Karpenko,nkarpenkoo3@jalbum.net,Female,135.74.19.55
869,Adelbert,Patshull,apatshullo4@google.de,Non-binary,195.107.94.199
870,Iseabal,Dreng,idrengo5@wufoo.com,Female,83.182.155.144
871,Bernardina,Ware,bwareo6@drupal.org,Female,21.106.252.166
872,Ewart,Defau,edefauo7@foxnews.com,Male,41.44.71.41
873,Minta,Carren,mcarreno8@xinhuanet.com,Female,118.232.175.114
874,Phylys,Tookey,ptookeyo9@google.co.uk,Female,65.131.213.116
875,Dawn,Giamelli,dgiamellioa@booking.com,Female,46.209.101.101
876,Camala,Knyvett,cknyvettob@patch.com,Female,111.108.12.156
877,Gisela,Di Ruggero,gdiruggerooc@ft.com,Polygender,224.100.149.138
878,Jayne,Reddlesden,jreddlesdenod@fema.gov,Female,44.251.78.235
879,Jonathan,Boorman,jboormanoe@bbc.co.uk,Male,33.138.171.82
880,Carri,Beeching,cbeechingof@newyorker.com,Female,198.198.90.134
881,Ross,Brims,rbrimsog@toplist.cz,Male,25.203.217.4
882,Leisha,MacConnal,lmacconnaloh@oaic.gov.au,Female,221.4.155.200
883,Tracey,Dring,tdringoi@hp.com,Male,140.49.171.110
884,Elizabet,Janoch,ejanochoj@skype.com,Female,80.98.175.198
885,Travus,Hollindale,thollindaleok@hao123.com,Male,232.238.176.186
886,Rudiger,Growcott,rgrowcottol@eventbrite.com,Male,166.56.238.5
887,Ariel,Metzing,ametzingom@printfriendly.com,Female,223.83.88.148
888,Kaia,Calabry,kcalabryon@columbia.edu,Female,237.57.75.144
889,Eleonore,Mapstone,emapstoneoo@discuz.net,Female,63.175.141.218
890,Poppy,Sheriff,psheriffop@ucoz.ru,Female,161.202.254.171
891,Kary,Strelitzki,kstrelitzkioq@constantcontact.com,Female,161.208.57.98
892,Muriel,Paulat,mpaulator@answers.com,Female,91.176.238.164
893,Kassie,Parmer,kparmeros@purevolume.com,Female,125.81.193.172
894,Kennett,Durrett,kdurrettot@reddit.com,Male,2.93.121.216
895,Jasper,Cordobes,jcordobesou@craigslist.org,Male,60.180.249.183
896,Kristien,Kyne,kkyneov@cafepress.com,Genderfluid,195.114.132.146
897,Elwin,Olsson,eolssonow@nba.com,Male,109.85.199.46
898,Kort,McDuall,kmcduallox@uiuc.edu,Male,180.55.22.130
899,Kenneth,Du Hamel,kduhameloy@xrea.com,Male,181.52.150.91
900,Celinka,Ionesco,cionescooz@theguardian.com,Female,175.84.153.45
901,Alfy,De Simoni,adesimonip0@mayoclinic.com,Bigender,61.78.119.94
902,Judith,Yeulet,jyeuletp1@dailymotion.com,Female,69.207.210.106
903,Barthel,Diggons,bdiggonsp2@hc360.com,Agender,149.37.126.83
904,Dosi,Terry,dterryp3@ning.com,Female,9.180.3.154
905,Adolph,Cocks,acocksp4@google.cn,Male,10.194.119.140
906,Tammy,Parkisson,tparkissonp5@alibaba.com,Female,169.60.241.192
907,Wendi,Purchall,wpurchallp6@umich.edu,Female,152.233.56.247
908,Ricki,Kaye,rkayep7@noaa.gov,Female,44.146.18.234
909,Ulla,Girkins,ugirkinsp8@pbs.org,Female,98.107.107.127
910,Martelle,Burkart,mburkartp9@sphinn.com,Female,53.42.177.225
911,Gustav,Wanless,gwanlesspa@blogtalkradio.com,Male,43.5.154.198
912,Beulah,Bonellie,bbonelliepb@angelfire.com,Female,227.148.124.57
913,Becki,Lemmertz,blemmertzpc@seattletimes.com,Female,211.59.8.35
914,Kaye,Ruddell,kruddellpd@yahoo.co.jp,Female,36.227.49.84
915,Brnaby,Peaple,bpeaplepe@sourceforge.net,Male,27.135.169.216
916,Webster,Franssen,wfranssenpf@freewebs.com,Male,236.6.77.165
917,Dorthea,Gatward,dgatwardpg@so-net.ne.jp,Female,162.76.68.125
918,Beitris,Holde,bholdeph@mac.com,Female,19.77.160.229
919,Felic,Olczak,folczakpi@over-blog.com,Male,182.211.105.143
920,Julissa,Renihan,jrenihanpj@blogger.com,Agender,162.217.180.149
921,Ludovika,Fer,lferpk@constantcontact.com,Female,28.164.255.228
922,Way,Assad,wassadpl@msu.edu,Male,7.241.252.83
923,Webb,Osbourn,wosbournpm@phoca.cz,Male,198.66.77.107
924,Shannon,Eyres,seyrespn@umich.edu,Male,78.26.113.162
925,Connor,Manning,cmanningpo@toplist.cz,Male,87.149.4.1
926,Sibyl,Lippatt,slippattpp@angelfire.com,Male,147.81.217.244
927,Tami,Cuzen,tcuzenpq@scribd.com,Female,227.161.80.188
928,Jolyn,Lutton,jluttonpr@springer.com,Female,59.151.100.59
929,Calli,Hembling,chemblingps@vinaora.com,Female,95.1.208.184
930,Yorke,Getty,ygettypt@cloudflare.com,Male,239.106.57.90
931,Hollis,BoHlingolsen,hbohlingolsenpu@admin.ch,Male,246.88.220.131
932,Gustavus,Leinweber,gleinweberpv@ihg.com,Male,255.43.27.213
933,Fabian,Marxsen,fmarxsenpw@g.co,Male,58.76.196.220
934,Daile,Grinishin,dgrinishinpx@wufoo.com,Female,143.160.87.137
935,Shannan,Gigg,sgiggpy@google.fr,Male,38.114.169.232
936,Cassius,Mussard,cmussardpz@accuweather.com,Male,104.35.137.236
937,Rice,Coull,rcoullq0@canalblog.com,Male,217.89.203.167
938,Eduardo,Columbine,ecolumbineq1@elpais.com,Male,31.16.16.104
939,Florenza,Sodor,fsodorq2@odnoklassniki.ru,Female,43.97.123.172
940,Jacki,McRobbie,jmcrobbieq3@npr.org,Female,165.194.97.101
941,Georg,Olivari,golivariq4@furl.net,Male,184.221.227.241
942,Kip,Denver,kdenverq5@webs.com,Female,115.106.154.152
943,Hilton,Quarmby,hquarmbyq6@xing.com,Male,178.89.13.195
944,Obadiah,Werner,owernerq7@google.ru,Male,2.205.16.91
945,Fax,Lingner,flingnerq8@tiny.cc,Male,115.98.109.33
946,Ruthi,Robatham,rrobathamq9@wordpress.org,Female,226.137.133.212
947,Letitia,Kill,lkillqa@rakuten.co.jp,Female,49.170.177.99
948,Nester,Van't Hoff,nvanthoffqb@google.co.jp,Male,61.17.87.141
949,Hilly,Kennan,hkennanqc@eventbrite.com,Male,222.182.255.200
950,Iggie,Mara,imaraqd@spotify.com,Male,224.218.65.110
951,Hewitt,Whisson,hwhissonqe@home.pl,Male,141.114.199.16
952,Siffre,Boshier,sboshierqf@miitbeian.gov.cn,Male,174.237.82.153
953,Lauraine,Fuge,lfugeqg@symantec.com,Female,47.61.166.247
954,Siouxie,Fortey,sforteyqh@linkedin.com,Female,62.146.91.52
955,Jedidiah,Castaneda,jcastanedaqi@slate.com,Male,102.108.119.246
956,Star,Francescone,sfrancesconeqj@craigslist.org,Polygender,122.214.118.0
957,Cynthia,Danser,cdanserqk@friendfeed.com,Non-binary,89.100.163.18
958,Eldin,Kenford,ekenfordql@sciencedirect.com,Male,249.20.61.186
959,Chas,Plaistowe,cplaistoweqm@toplist.cz,Genderfluid,144.250.244.131
960,Julio,Seagood,jseagoodqn@techcrunch.com,Male,38.167.147.109
961,Elsy,Hartwell,ehartwellqo@latimes.com,Genderfluid,15.54.76.153
962,Dylan,Windram,dwindramqp@wsj.com,Male,137.244.155.193
963,Jeffie,Brameld,jbrameldqq@noaa.gov,Male,241.92.97.207
964,Adelle,Tapscott,atapscottqr@chron.com,Female,226.160.40.207
965,Noreen,Dethloff,ndethloffqs@symantec.com,Female,176.7.18.162
966,Stacee,Boynes,sboynesqt@ebay.co.uk,Female,219.243.34.199
967,Everett,McDougal,emcdougalqu@spiegel.de,Male,132.232.204.192
968,Davin,Lampaert,dlampaertqv@sun.com,Genderqueer,117.231.51.22
969,Aldon,Caple,acapleqw@tripod.com,Male,162.129.190.226
970,Josh,Zanussii,jzanussiiqx@trellian.com,Genderfluid,28.208.183.87
971,Nonah,Younghusband,nyounghusbandqy@so-net.ne.jp,Female,143.199.158.89
972,Reube,Achromov,rachromovqz@hud.gov,Male,100.171.144.25
973,Tasia,Bruhnicke,tbruhnicker0@cornell.edu,Female,60.4.209.229
974,Billye,Cluney,bcluneyr1@discuz.net,Female,193.174.226.234
975,Malynda,Ellerbeck,mellerbeckr2@yahoo.co.jp,Female,74.234.59.190
976,Arturo,Grelka,agrelkar3@lycos.com,Male,180.53.221.32
977,Nata,Issit,nissitr4@yale.edu,Female,119.53.19.151
978,Perkin,Heimes,pheimesr5@cyberchimps.com,Male,60.236.245.217
979,Benedicta,Sirr,bsirrr6@shop-pro.jp,Female,161.246.158.186
980,Francesca,Kobiera,fkobierar7@lulu.com,Female,104.250.39.224
981,Derek,Jest,djestr8@ucoz.com,Male,91.232.0.46
982,Talya,Akehurst,takehurstr9@jugem.jp,Female,78.14.7.164
983,Dorita,Baford,dbafordra@springer.com,Female,236.226.197.246
984,Cesaro,Bagguley,cbagguleyrb@vimeo.com,Male,92.234.30.175
985,Carleen,Castrillo,ccastrillorc@nyu.edu,Female,79.20.147.238
986,Clarissa,Ingry,cingryrd@foxnews.com,Female,94.39.7.84
987,Abigale,Signori,asignorire@cnn.com,Female,141.198.43.241
988,Ralf,Blasoni,rblasonirf@technorati.com,Male,183.130.115.3
989,Genia,Jury,gjuryrg@illinois.edu,Female,31.220.207.38
990,Sally,Airton,sairtonrh@edublogs.org,Female,19.86.74.2
991,Blake,Corryer,bcorryerri@ebay.co.uk,Male,250.247.112.220
992,Gael,Moreing,gmoreingrj@craigslist.org,Female,165.149.13.120
993,Drona,Elcy,delcyrk@list-manage.com,Female,110.145.44.5
994,Ortensia,Remirez,oremirezrl@soup.io,Female,193.245.195.2
995,Zandra,Boman,zbomanrm@moonfruit.com,Female,205.56.244.218
996,Red,Tincey,rtinceyrn@networkadvertising.org,Male,134.220.15.178
997,Dannye,Crucetti,dcrucettiro@twitter.com,Female,235.175.91.20
998,Bram,Lutas,blutasrp@usda.gov,Male,252.126.5.195
999,Esteban,Auden,eaudenrq@abc.net.au,Male,70.62.14.138
1000,Carine,Wrates,cwratesrr@e-recht24.de,Female,67.9.32.191
