id,first_name,last_name,email,salary
1,Sallie,Spedding,sspedding0@oracle.com,$74941.25
2,Billy,Tresler,btresler1@networkadvertising.org,$97258.05
3,Meta,Syfax,msyfax2@youku.com,$47363.80
4,Flin,Igounet,figounet3@nbcnews.com,$44677.54
5,Bev,MacConnal,bmacconnal4@umn.edu,$96577.08
6,Symon,Skilton,sskilton5@gnu.org,$48088.24
7,Randee,Bastow,rbastow6@usatoday.com,$76815.00
8,Kerry,De Micoli,kdemicoli7@1und1.de,$115338.23
9,Valaree,Dikelin,vdikelin8@cnn.com,$63033.98
10,Puff,Rawlings,prawlings9@psu.edu,$75447.36
11,Richie,Garrals,rgarralsa@flavors.me,$74107.72
12,Willi,Crees,wcreesb@abc.net.au,$24374.73
13,Annemarie,Shuker,ashukerc@businessinsider.com,$32921.86
14,Waneta,Boarleyson,wboarleysond@google.es,$63126.28
15,Sibilla,Vallack,svallacke@prweb.com,$71182.27
16,Udale,Steynor,usteynorf@nhs.uk,$47924.26
17,Gilbert,Thackeray,gthackerayg@prnewswire.com,$109399.14
18,Rycca,Cattow,rcattowh@wiley.com,$25074.38
19,Kevin,Pache,kpachei@feedburner.com,$111558.13
20,Lazare,Povey,lpoveyj@berkeley.edu,$117759.50
21,Honoria,Rickertsen,hrickertsenk@gmpg.org,$71861.20
22,Hetty,Budnk,hbudnkl@nps.gov,$113218.09
23,Stafani,Ludford,sludfordm@clickbank.net,$103907.36
24,Leanora,Alldridge,lalldridgen@weebly.com,$54671.44
25,Alfie,Sentinella,asentinellao@cargocollective.com,$99999.36
26,Mychal,Van Oord,mvanoordp@cloudflare.com,$105495.21
27,Dionysus,Jerke,djerkeq@de.vu,$97440.78
28,Oralie,Dalgarnocht,odalgarnochtr@pbs.org,$22484.90
29,Olympia,Sket,oskets@sfgate.com,$52806.86
30,Haydon,Reinert,hreinertt@ifeng.com,$75290.63
31,Aurilia,Leeburne,aleeburneu@google.de,$53075.11
32,Ulrike,Gulvin,ugulvinv@google.co.uk,$106176.46
33,Fayth,Daout,fdaoutw@usda.gov,$54867.60
34,Andriana,Secombe,asecombex@wired.com,$82878.77
35,Tania,Richel,trichely@mtv.com,$27905.67
36,Susanetta,Reboul,sreboulz@japanpost.jp,$93090.64
37,Marilee,Burress,mburress10@free.fr,$103682.05
38,Eadie,Moule,emoule11@jiathis.com,$61971.34
39,Benjamin,Crimmins,bcrimmins12@edublogs.org,$36830.81
40,Lura,Hansom,lhansom13@biblegateway.com,$87620.73
41,Alair,Lucock,alucock14@earthlink.net,$40999.82
42,Stace,Wellesley,swellesley15@psu.edu,$80176.04
43,Corty,Berrick,cberrick16@zimbio.com,$59941.94
44,Lorrayne,Kelloch,lkelloch17@webmd.com,$109937.76
45,Val,Benedettini,vbenedettini18@cafepress.com,$96408.74
46,Townsend,O'Cannavan,tocannavan19@chicagotribune.com,$106151.01
47,Annabal,Morteo,amorteo1a@intel.com,$116190.69
48,Haydon,Collum,hcollum1b@yolasite.com,$30755.52
49,Wakefield,Drust,wdrust1c@unesco.org,$36999.44
50,Emylee,Slee,eslee1d@google.ca,$41664.86
51,Trev,Blandford,tblandford1e@cnbc.com,$61950.20
52,Dayna,Fereday,dfereday1f@surveymonkey.com,$28098.50
53,Corliss,Pinar,cpinar1g@wikipedia.org,$108876.66
54,Quinta,Wrightam,qwrightam1h@unesco.org,$25459.59
55,Celestia,Fomichyov,cfomichyov1i@dion.ne.jp,$74232.14
56,Gil,Besnardeau,gbesnardeau1j@pen.io,$103778.98
57,Moina,Wontner,mwontner1k@archive.org,$98579.50
58,Dorey,Crinson,dcrinson1l@etsy.com,$80908.64
59,Bogart,Sidebotham,bsidebotham1m@blogs.com,$33228.24
60,Bili,Critoph,bcritoph1n@deviantart.com,$80577.72
61,Beck,McClenaghan,bmcclenaghan1o@ed.gov,$90844.46
62,Robinetta,Curnok,rcurnok1p@nyu.edu,$22578.05
63,Terrill,O'Cannon,tocannon1q@geocities.com,$76789.98
64,Jakie,Dinan,jdinan1r@earthlink.net,$43790.34
65,Nathanael,Jime,njime1s@wordpress.com,$69865.14
66,Sydel,Pugsley,spugsley1t@bbb.org,$81580.72
67,Ursulina,McDaid,umcdaid1u@theglobeandmail.com,$45898.16
68,Devan,Fasset,dfasset1v@nymag.com,$76148.83
69,Corty,De Luna,cdeluna1w@loc.gov,$86017.90
70,Claiborn,Coggeshall,ccoggeshall1x@wiley.com,$60978.57
71,Dacie,Mitchenson,dmitchenson1y@live.com,$117488.56
72,Sunshine,Iddy,siddy1z@howstuffworks.com,$37622.37
73,Mollie,Bigham,mbigham20@over-blog.com,$66323.81
74,Ernst,Gatrill,egatrill21@jiathis.com,$43730.94
75,Pearline,Cutcliffe,pcutcliffe22@businesswire.com,$28044.43
76,Edgardo,Matz,ematz23@mysql.com,$114546.63
77,Gerladina,Bradder,gbradder24@kickstarter.com,$34628.60
78,Meagan,Jacquemy,mjacquemy25@webeden.co.uk,$23501.69
79,Sloan,Gervaise,sgervaise26@e-recht24.de,$119512.61
80,Lucy,Ballin,lballin27@vk.com,$31233.07
81,Janos,Tombleson,jtombleson28@sina.com.cn,$63139.31
82,Derrik,Boardman,dboardman29@dell.com,$77634.87
83,Stuart,Bickle,sbickle2a@instagram.com,$66127.25
84,Ilysa,Vanichev,ivanichev2b@sphinn.com,$103201.92
85,Keven,Scudamore,kscudamore2c@fda.gov,$54023.93
86,Skelly,Spedding,sspedding2d@alibaba.com,$29846.80
87,Bernardo,Rosengren,brosengren2e@cisco.com,$22739.91
88,Ynes,Kirk,ykirk2f@odnoklassniki.ru,$108746.19
89,Jammie,Abley,jabley2g@joomla.org,$53932.41
90,Charla,Davson,cdavson2h@princeton.edu,$62558.39
91,Lorry,Kares,lkares2i@list-manage.com,$44098.47
92,Berkley,Blankett,bblankett2j@51.la,$61891.45
93,Husain,Currington,hcurrington2k@angelfire.com,$60972.85
94,Eduard,Warlow,ewarlow2l@jigsy.com,$109540.88
95,Craggie,Mungin,cmungin2m@geocities.com,$45476.85
96,Konstantin,Bazire,kbazire2n@ucoz.com,$20008.02
97,Alexei,Arrault,aarrault2o@noaa.gov,$57105.69
98,Heidi,Pellamont,hpellamont2p@bing.com,$85139.13
99,Peadar,Hosier,phosier2q@cafepress.com,$52392.47
100,Frasquito,Murrell,fmurrell2r@ovh.net,$68303.79
101,Dill,Goodluck,dgoodluck2s@yelp.com,$118734.79
102,Lacee,Murrock,lmurrock2t@paypal.com,$115474.98
103,Beltran,Khoter,bkhoter2u@cnn.com,$76358.81
104,Donn,Lawlie,dlawlie2v@nationalgeographic.com,$84846.92
105,Monti,Holehouse,mholehouse2w@japanpost.jp,$96376.29
106,Harri,Wynne,hwynne2x@latimes.com,$52090.27
107,Karalee,Entreis,kentreis2y@walmart.com,$58915.96
108,Tamera,Hugh,thugh2z@list-manage.com,$113740.88
109,Sada,Charlet,scharlet30@ustream.tv,$67295.39
110,Elinore,Zipsell,ezipsell31@instagram.com,$27947.14
111,Alfons,Cuel,acuel32@netvibes.com,$60557.94
112,Saunders,Goodlake,sgoodlake33@statcounter.com,$117421.23
113,Etta,Mahady,emahady34@ucoz.com,$33391.96
114,Hercule,Matelaitis,hmatelaitis35@typepad.com,$113132.33
115,Briant,Hatliffe,bhatliffe36@php.net,$46212.31
116,Xerxes,Stollery,xstollery37@goo.gl,$67680.52
117,Liesa,Papachristophorou,lpapachristophorou38@latimes.com,$67059.41
118,Si,Squibbs,ssquibbs39@time.com,$109489.86
119,Pollyanna,Korejs,pkorejs3a@ihg.com,$64273.80
120,Constantine,Stathers,cstathers3b@goo.ne.jp,$68614.25
121,Seana,Bucknill,sbucknill3c@nyu.edu,$72807.95
122,Sisely,Rathke,srathke3d@webs.com,$104740.58
123,Vicky,Ivanchikov,vivanchikov3e@booking.com,$36209.33
124,Andie,Munkley,amunkley3f@de.vu,$44052.77
125,Geoff,Maccaddie,gmaccaddie3g@nba.com,$68927.58
126,Codee,Sharpous,csharpous3h@vkontakte.ru,$23841.88
127,Honor,Petticrow,hpetticrow3i@a8.net,$95663.44
128,Ellary,O' Reagan,eoreagan3j@google.co.uk,$76064.93
129,Bobbette,Buckenham,bbuckenham3k@webs.com,$41929.46
130,Kary,Trusse,ktrusse3l@google.pl,$119070.51
131,Vania,Bremen,vbremen3m@facebook.com,$89299.63
132,Elane,Rolley,erolley3n@ehow.com,$110668.48
133,Natty,Arens,narens3o@homestead.com,$59606.81
134,Lock,Montacute,lmontacute3p@drupal.org,$29054.02
135,Robert,Ferrettini,rferrettini3q@seesaa.net,$72903.54
136,Alonso,Levey,alevey3r@umich.edu,$43369.23
137,Bert,Munton,bmunton3s@weebly.com,$91719.88
138,Cobb,Shelton,cshelton3t@tinyurl.com,$59421.34
139,Rubina,Caudwell,rcaudwell3u@sogou.com,$20509.72
140,Corenda,Lidgate,clidgate3v@google.co.jp,$98738.69
141,Anatollo,Fiddy,afiddy3w@flavors.me,$91102.54
142,Rebeka,Molnar,rmolnar3x@sina.com.cn,$104258.31
143,Lusa,Benbow,lbenbow3y@1und1.de,$62115.07
144,Peter,Bjorkan,pbjorkan3z@ustream.tv,$27852.73
145,Roanne,Alves,ralves40@bbb.org,$84372.10
146,Cecilio,Berriman,cberriman41@sakura.ne.jp,$26377.00
147,Constantine,Wales,cwales42@bloglines.com,$64870.28
148,Byrann,Gedney,bgedney43@wiley.com,$94057.94
149,Killian,Swyn,kswyn44@vkontakte.ru,$96999.92
150,Rania,Ewbanche,rewbanche45@smugmug.com,$38630.06
151,Harmony,Grellier,hgrellier46@ocn.ne.jp,$72493.84
152,Tandie,Peirpoint,tpeirpoint47@hugedomains.com,$60094.11
153,Lilian,Larvin,llarvin48@biblegateway.com,$40621.74
154,Pearce,Pipkin,ppipkin49@fda.gov,$76245.47
155,Michail,Jack,mjack4a@salon.com,$52797.30
156,Colleen,Attwell,cattwell4b@bravesites.com,$109912.34
157,Gifford,Evesque,gevesque4c@naver.com,$50746.86
158,Beaufort,Twatt,btwatt4d@exblog.jp,$77387.81
159,Valerye,Luckhurst,vluckhurst4e@ibm.com,$49692.97
160,Aluin,Geraghty,ageraghty4f@about.com,$90874.43
161,Denny,Decort,ddecort4g@histats.com,$31328.97
162,Ashly,Challoner,achalloner4h@marriott.com,$86214.38
163,Ambrosi,O'Donovan,aodonovan4i@discovery.com,$51715.03
164,Morgana,Fordy,mfordy4j@is.gd,$22601.85
165,Katharina,Barthelemy,kbarthelemy4k@hostgator.com,$39654.03
166,Elianora,Suckling,esuckling4l@fastcompany.com,$45331.35
167,Crysta,Greatorex,cgreatorex4m@examiner.com,$114246.79
168,Phillis,Simond,psimond4n@mapy.cz,$113129.32
169,Giacinta,Debow,gdebow4o@gmpg.org,$90522.24
170,Cleo,Cofax,ccofax4p@blogs.com,$65210.54
171,Bryana,Bernardoux,bbernardoux4q@weather.com,$79415.48
172,Chas,Voaden,cvoaden4r@soundcloud.com,$88755.03
173,Lise,Rapp,lrapp4s@eventbrite.com,$95270.70
174,Flint,Ilyushkin,filyushkin4t@comsenz.com,$45026.57
175,Ulrich,MacDonagh,umacdonagh4u@intel.com,$114577.32
176,Oralia,Fiddy,ofiddy4v@apple.com,$38585.28
177,Marilin,Spurman,mspurman4w@blinklist.com,$63318.13
178,Kristal,Pagel,kpagel4x@linkedin.com,$96920.02
179,Kittie,Dansie,kdansie4y@msn.com,$28557.46
180,Tommie,Hazeldene,thazeldene4z@topsy.com,$28673.65
181,Joelynn,Lightollers,jlightollers50@cyberchimps.com,$72204.73
182,Jasmine,Leyban,jleyban51@miibeian.gov.cn,$114070.58
183,Hersh,Bindin,hbindin52@networkadvertising.org,$38973.72
184,Quintin,Heath,qheath53@seesaa.net,$115554.44
185,Farah,Bilton,fbilton54@cornell.edu,$79568.57
186,Noll,Krolik,nkrolik55@nps.gov,$70668.03
187,Silas,Treswell,streswell56@tripod.com,$91198.33
188,Gwenni,Paroni,gparoni57@answers.com,$75052.75
189,Stormy,Hardson,shardson58@hugedomains.com,$81213.64
190,Othilie,Soulsby,osoulsby59@liveinternet.ru,$21756.52
191,Duff,Blaksland,dblaksland5a@arizona.edu,$53408.72
192,Eydie,Harcarse,eharcarse5b@miitbeian.gov.cn,$107654.05
193,Wilfrid,Cunnane,wcunnane5c@cdc.gov,$68640.77
194,Joella,Calver,jcalver5d@wikipedia.org,$101813.55
195,Janek,Greenwood,jgreenwood5e@soundcloud.com,$33002.79
196,Demetra,Cobon,dcobon5f@joomla.org,$56966.09
197,Urson,Griffiths,ugriffiths5g@posterous.com,$43803.02
198,Andrus,Budgey,abudgey5h@chronoengine.com,$56724.75
199,Heidie,Fyfe,hfyfe5i@aboutads.info,$112598.18
200,Walsh,Luckcock,wluckcock5j@instagram.com,$114691.40
201,Otes,Salerno,osalerno5k@topsy.com,$51506.39
202,Noll,Swayland,nswayland5l@ehow.com,$105401.86
203,Ellissa,Jordanson,ejordanson5m@4shared.com,$21402.29
204,Britta,Ponting,bponting5n@tripod.com,$77340.70
205,Carmelina,Gilman,cgilman5o@ycombinator.com,$65097.18
206,Davine,Bowler,dbowler5p@seattletimes.com,$118992.61
207,Garwood,Hexter,ghexter5q@yolasite.com,$70047.94
208,Cati,Huttley,chuttley5r@umich.edu,$21050.76
209,Dasha,Didsbury,ddidsbury5s@auda.org.au,$57256.48
210,Brianne,Draco,bdraco5t@exblog.jp,$65753.26
211,Junie,Juara,jjuara5u@loc.gov,$113574.52
212,Biddy,McTrustey,bmctrustey5v@themeforest.net,$99173.61
213,Donaugh,Syddon,dsyddon5w@mayoclinic.com,$72181.03
214,Cully,Bittany,cbittany5x@psu.edu,$73650.55
215,Stefan,Bartalini,sbartalini5y@theguardian.com,$62672.12
216,Rasia,Shipton,rshipton5z@huffingtonpost.com,$54292.02
217,Rafi,Bayman,rbayman60@mlb.com,$67058.46
218,Westleigh,Danniell,wdanniell61@apache.org,$32435.54
219,Minta,Lehrahan,mlehrahan62@cbc.ca,$86953.71
220,Caryl,Venart,cvenart63@cafepress.com,$76901.44
221,Fara,Gough,fgough64@gnu.org,$95138.89
222,Bethena,Walters,bwalters65@icq.com,$54219.39
223,Kathye,Compston,kcompston66@miitbeian.gov.cn,$97445.67
224,Tove,Buttrum,tbuttrum67@macromedia.com,$47338.78
225,Richardo,Wastall,rwastall68@ucoz.com,$30860.35
226,Enoch,Rowell,erowell69@cbsnews.com,$62362.74
227,Ave,Rivlin,arivlin6a@google.pl,$38019.71
228,Gustavo,Spellissy,gspellissy6b@free.fr,$27153.88
229,Ilene,Schoolcroft,ischoolcroft6c@gov.uk,$28209.65
230,Cheryl,Bye,cbye6d@opensource.org,$83438.21
231,Elissa,Whyatt,ewhyatt6e@friendfeed.com,$83310.90
232,Korney,Khotler,kkhotler6f@eventbrite.com,$93654.47
233,Garnet,Trapp,gtrapp6g@hc360.com,$93999.09
234,Wendye,O'Roan,woroan6h@about.com,$94716.12
235,Siouxie,Sapauton,ssapauton6i@technorati.com,$46547.95
236,Phillipp,Labusquiere,plabusquiere6j@tinyurl.com,$113766.62
237,Gerick,Behnke,gbehnke6k@ucoz.com,$95492.92
238,Blakelee,Silverstone,bsilverstone6l@upenn.edu,$41582.08
239,Kevon,Maypother,kmaypother6m@technorati.com,$92364.91
240,Chrystel,Bullivent,cbullivent6n@examiner.com,$85780.59
241,Simeon,Godsmark,sgodsmark6o@flavors.me,$28711.02
242,Davey,Getty,dgetty6p@icio.us,$79493.11
243,Carlin,Carle,ccarle6q@flickr.com,$45874.23
244,Gilbertine,Readitt,greaditt6r@chronoengine.com,$65802.45
245,Moselle,Tebbit,mtebbit6s@usda.gov,$24846.09
246,Veronike,Chesterfield,vchesterfield6t@marketwatch.com,$92804.45
247,Joyan,Burkill,jburkill6u@eventbrite.com,$111968.33
248,Jamie,Lebel,jlebel6v@canalblog.com,$111022.98
249,Kelly,Rasper,krasper6w@g.co,$76193.59
250,Buiron,Rennebeck,brennebeck6x@hhs.gov,$83834.16
251,Braden,Wink,bwink6y@cornell.edu,$70765.54
252,Leeland,Brecken,lbrecken6z@so-net.ne.jp,$37168.18
253,Christy,Shiers,cshiers70@redcross.org,$107285.51
254,Burg,Spur,bspur71@shareasale.com,$96660.49
255,Austine,Bollen,abollen72@parallels.com,$91009.01
256,Lea,Hartman,lhartman73@microsoft.com,$77917.90
257,Dorian,Prattington,dprattington74@i2i.jp,$96705.20
258,Lena,Luff,lluff75@hostgator.com,$100866.98
259,Loise,Attwood,lattwood76@pcworld.com,$100439.32
260,Brnaby,Davidsson,bdavidsson77@hugedomains.com,$53317.14
261,Dacie,Robus,drobus78@yellowbook.com,$117269.34
262,Julietta,Reisenberg,jreisenberg79@icio.us,$46664.56
263,Hercule,Ferrarello,hferrarello7a@umn.edu,$105183.54
264,Carlie,Galey,cgaley7b@sina.com.cn,$119209.09
265,Edeline,Vance,evance7c@imgur.com,$95851.33
266,Osbert,Fawdrey,ofawdrey7d@macromedia.com,$73785.77
267,Regen,Brundale,rbrundale7e@adobe.com,$92702.45
268,Dolores,Glantz,dglantz7f@quantcast.com,$102006.60
269,Nap,Kill,nkill7g@discuz.net,$61057.49
270,Jocko,Bloxham,jbloxham7h@wp.com,$38453.16
271,Marjorie,Gaishson,mgaishson7i@instagram.com,$108248.87
272,Nonnah,Lardiner,nlardiner7j@addthis.com,$107714.93
273,Minnaminnie,Urien,murien7k@businessinsider.com,$65533.12
274,Augusto,Pitney,apitney7l@squidoo.com,$114691.62
275,Hymie,Harkins,hharkins7m@networkadvertising.org,$26577.46
276,Gabi,de'-Ancy Willis,gdeancywillis7n@oakley.com,$47393.94
277,Benedict,Garrold,bgarrold7o@berkeley.edu,$35041.03
278,Brigg,Deverille,bdeverille7p@prnewswire.com,$40036.63
279,Bonnie,Duker,bduker7q@netvibes.com,$70088.42
280,Jessie,Preist,jpreist7r@barnesandnoble.com,$38863.93
281,Evered,Duinbleton,eduinbleton7s@w3.org,$69027.87
282,Hortensia,Barnewelle,hbarnewelle7t@indiegogo.com,$26181.94
283,Felita,Buy,fbuy7u@jigsy.com,$71008.74
284,Farly,Etoile,fetoile7v@acquirethisname.com,$20730.79
285,Andros,Masi,amasi7w@marketwatch.com,$62485.50
286,Aime,Lamzed,alamzed7x@hibu.com,$55972.13
287,Everett,Carlisso,ecarlisso7y@hugedomains.com,$29082.54
288,Talia,Torbet,ttorbet7z@amazon.co.uk,$59907.55
289,Alexandra,Skelcher,askelcher80@google.fr,$94814.76
290,Fair,Tower,ftower81@mtv.com,$46393.51
291,Cathleen,Crosland,ccrosland82@wordpress.com,$117874.07
292,Faythe,Sibbering,fsibbering83@pbs.org,$53601.09
293,Marin,Belfelt,mbelfelt84@bluehost.com,$44259.21
294,Spence,Veljes,sveljes85@pagesperso-orange.fr,$28684.65
295,Byron,Girardet,bgirardet86@amazon.co.jp,$116092.65
296,Gay,Meecher,gmeecher87@google.nl,$99471.09
297,Jesse,Gothup,jgothup88@wunderground.com,$107047.78
298,Warden,McEllen,wmcellen89@princeton.edu,$22084.46
299,Vinita,Lacrouts,vlacrouts8a@mapy.cz,$102060.41
300,Jodi,Boneham,jboneham8b@craigslist.org,$21518.91
301,Andros,Sherrell,asherrell8c@foxnews.com,$111818.84
302,Thebault,Beushaw,tbeushaw8d@berkeley.edu,$93841.97
303,Anny,Ropking,aropking8e@yandex.ru,$68429.00
304,Penelope,Bowlesworth,pbowlesworth8f@uol.com.br,$73524.59
305,De witt,Napoleone,dnapoleone8g@theglobeandmail.com,$100443.38
306,Nappy,Lannen,nlannen8h@surveymonkey.com,$57429.68
307,Mortie,Winstone,mwinstone8i@army.mil,$42787.03
308,Husain,Vlasov,hvlasov8j@tinypic.com,$23341.20
309,Suzy,Dabels,sdabels8k@quantcast.com,$94152.88
310,Doria,Kmietsch,dkmietsch8l@sphinn.com,$109239.35
311,Arnuad,Di Angelo,adiangelo8m@issuu.com,$58440.97
312,Fredia,Likely,flikely8n@quantcast.com,$98969.47
313,Clair,Bhar,cbhar8o@fda.gov,$101186.74
314,Carlynne,Barense,cbarense8p@prweb.com,$68451.86
315,Bartlett,Dax,bdax8q@dailymotion.com,$69161.13
316,Delila,Tomlett,dtomlett8r@census.gov,$63984.51
317,Leia,MacPherson,lmacpherson8s@amazon.de,$23591.49
318,Ebonee,Ibert,eibert8t@dyndns.org,$38752.84
319,Beckie,Tolussi,btolussi8u@nsw.gov.au,$67516.90
320,Viola,Antoniazzi,vantoniazzi8v@cocolog-nifty.com,$76257.21
321,Frederic,Ternott,fternott8w@shop-pro.jp,$70692.93
322,Lanette,Moiser,lmoiser8x@ftc.gov,$88599.63
323,Violetta,Hitter,vhitter8y@ifeng.com,$71827.07
324,Guillemette,Petrovic,gpetrovic8z@craigslist.org,$60034.83
325,Zak,Abramowitz,zabramowitz90@digg.com,$110952.73
326,Willabella,Willett,wwillett91@sogou.com,$91838.60
327,Florri,Vasilic,fvasilic92@desdev.cn,$44734.79
328,Perry,Joice,pjoice93@slideshare.net,$22175.76
329,Paton,McDermot,pmcdermot94@sbwire.com,$52942.88
330,Mariquilla,Long,mlong95@cargocollective.com,$95901.32
331,Blaire,Landells,blandells96@china.com.cn,$104413.74
332,Charmane,Joskovitch,cjoskovitch97@blogs.com,$112342.72
333,Neel,Maude,nmaude98@scribd.com,$101910.95
334,Giacinta,Neilands,gneilands99@yellowbook.com,$65685.01
335,Joya,Nelsen,jnelsen9a@usa.gov,$96108.10
336,Lloyd,Furness,lfurness9b@hugedomains.com,$36289.83
337,Vince,Bach,vbach9c@amazonaws.com,$64464.81
338,Jacquelynn,Brooksbie,jbrooksbie9d@github.com,$59175.16
339,Kylen,Ferreri,kferreri9e@alibaba.com,$68183.35
340,Huntington,Antoniak,hantoniak9f@geocities.com,$68237.08
341,Delly,Hizir,dhizir9g@economist.com,$109700.85
342,Maurise,Romayn,mromayn9h@bloglovin.com,$96972.17
343,Glenda,Fisbburne,gfisbburne9i@cam.ac.uk,$96741.23
344,Stan,Wiggett,swiggett9j@mac.com,$71402.49
345,Lyn,Shenton,lshenton9k@pbs.org,$114293.10
346,Eziechiele,Hopewell,ehopewell9l@time.com,$24651.10
347,Joni,Willbond,jwillbond9m@dagondesign.com,$97648.95
348,Andie,Mossbee,amossbee9n@blogspot.com,$47830.88
349,Lazarus,Effaunt,leffaunt9o@wsj.com,$47195.25
350,Douglas,Yakovlev,dyakovlev9p@mashable.com,$73796.05
351,Alyosha,Pryer,apryer9q@pen.io,$79241.79
352,Elnore,Viscovi,eviscovi9r@163.com,$44528.66
353,Maximilianus,Marchi,mmarchi9s@fastcompany.com,$91287.02
354,Elroy,Manson,emanson9t@hexun.com,$84514.75
355,Padraig,Coldrick,pcoldrick9u@youku.com,$38254.51
356,Wolfgang,Harnell,wharnell9v@macromedia.com,$58519.81
357,Ruddie,Crossgrove,rcrossgrove9w@gnu.org,$62596.41
358,Stephannie,Lars,slars9x@furl.net,$62628.04
359,Harcourt,Tappin,htappin9y@bizjournals.com,$21216.71
360,Ulla,Gislebert,ugislebert9z@nbcnews.com,$69704.65
361,Eve,Quarton,equartona0@senate.gov,$72651.47
362,Kinna,Harborow,kharborowa1@washingtonpost.com,$59795.03
363,Anabel,Mockett,amocketta2@amazon.co.jp,$82764.06
364,Nicolais,Fibbings,nfibbingsa3@histats.com,$33720.61
365,Celine,Milverton,cmilvertona4@engadget.com,$60976.28
366,Eolande,Frith,efritha5@last.fm,$77827.81
367,Fedora,Berni,fbernia6@spotify.com,$26315.71
368,Yoshi,Summerfield,ysummerfielda7@spotify.com,$114829.62
369,Kippie,Cumes,kcumesa8@squidoo.com,$50977.12
370,Lorrie,Clement,lclementa9@qq.com,$94203.33
371,Angel,Peake,apeakeaa@sun.com,$116463.13
372,Avigdor,Abelwhite,aabelwhiteab@scribd.com,$65806.72
373,Ivette,Marzelli,imarzelliac@dion.ne.jp,$37775.84
374,Kermie,Callard,kcallardad@360.cn,$77265.69
375,Arthur,Poytres,apoytresae@reuters.com,$37822.41
376,Sela,Laurand,slaurandaf@nytimes.com,$78886.76
377,Maurie,Brimicombe,mbrimicombeag@nyu.edu,$40852.63
378,Isidro,Camosso,icamossoah@goo.gl,$95140.52
379,Bonnee,Brien,bbrienai@adobe.com,$28441.64
380,Rheba,Eubank,reubankaj@wp.com,$106153.59
381,Cody,Corney,ccorneyak@odnoklassniki.ru,$63565.98
382,Jamey,Aked,jakedal@goo.ne.jp,$78022.11
383,Daffy,Hellwich,dhellwicham@nifty.com,$95845.10
384,Malchy,Stapells,mstapellsan@admin.ch,$107208.82
385,Margalo,Basden,mbasdenao@senate.gov,$39658.11
386,Sidoney,Whysall,swhysallap@china.com.cn,$105419.57
387,Caryl,Roiz,croizaq@friendfeed.com,$79328.46
388,Hadlee,Noice,hnoicear@bbb.org,$117990.24
389,Thomas,Fulep,tfulepas@globo.com,$98046.13
390,Gabbey,Sole,gsoleat@mayoclinic.com,$52487.12
391,Ivett,Viste,ivisteau@cloudflare.com,$56903.35
392,Upton,Boughtwood,uboughtwoodav@xrea.com,$57985.63
393,Odetta,Learmond,olearmondaw@uol.com.br,$115819.66
394,Anya,Hardage,ahardageax@marketwatch.com,$49997.96
395,Kyla,Tiery,ktieryay@g.co,$66594.90
396,Mag,Neesam,mneesamaz@uiuc.edu,$58863.24
397,Glad,Clamp,gclampb0@t-online.de,$24610.47
398,Norry,Rozec,nrozecb1@scribd.com,$76408.75
399,Candie,Maxwale,cmaxwaleb2@techcrunch.com,$93624.81
400,Nahum,Selvey,nselveyb3@exblog.jp,$101610.21
401,Denver,Lipprose,dlipproseb4@etsy.com,$117940.65
402,Lurlene,Acory,lacoryb5@xinhuanet.com,$83621.11
403,Joane,Crang,jcrangb6@upenn.edu,$82299.56
404,Antin,De Wolfe,adewolfeb7@example.com,$67219.70
405,Alisa,Keeri,akeerib8@themeforest.net,$73526.66
406,Martelle,Carreyette,mcarreyetteb9@mit.edu,$116333.96
407,Cathlene,Jotham,cjothamba@yolasite.com,$109363.85
408,Nelie,Wilcox,nwilcoxbb@constantcontact.com,$96085.86
409,Friedrick,Limbrick,flimbrickbc@hud.gov,$40163.51
410,Wilfred,Southcoat,wsouthcoatbd@weather.com,$60559.93
411,Dona,Blyth,dblythbe@eventbrite.com,$97838.22
412,Courtnay,Nel,cnelbf@desdev.cn,$65618.55
413,Bertina,Tod,btodbg@angelfire.com,$30856.93
414,Faustina,Kimbrough,fkimbroughbh@webmd.com,$102598.98
415,Loy,Newbury,lnewburybi@360.cn,$73816.26
416,Sisely,Itshak,sitshakbj@shareasale.com,$91165.07
417,Diane,Cussen,dcussenbk@businessweek.com,$36866.74
418,Wendeline,Howlett,whowlettbl@plala.or.jp,$74045.69
419,Angelle,Hartill,ahartillbm@usda.gov,$86681.77
420,Nobe,Maddison,nmaddisonbn@constantcontact.com,$82775.83
421,Holly,Ashbey,hashbeybo@1688.com,$105958.60
422,Caddric,Wiffill,cwiffillbp@hhs.gov,$77118.32
423,Liza,Gregan,lgreganbq@ezinearticles.com,$32385.38
424,Tricia,Aizikovich,taizikovichbr@arizona.edu,$95100.96
425,Jethro,Giraudy,jgiraudybs@zimbio.com,$68602.43
426,Maitilde,Jiri,mjiribt@hostgator.com,$68335.46
427,Colby,Braim,cbraimbu@google.ru,$102330.98
428,Kurtis,Utridge,kutridgebv@businessweek.com,$41825.80
429,Rafael,Brando,rbrandobw@ow.ly,$79543.30
430,Brandice,Pescott,bpescottbx@hatena.ne.jp,$101386.28
431,Quincey,Giamelli,qgiamelliby@wordpress.com,$66432.62
432,Felicity,McCormick,fmccormickbz@dropbox.com,$62493.88
433,Malena,Guiu,mguiuc0@alexa.com,$99466.36
434,Kally,Robertsen,krobertsenc1@delicious.com,$22030.89
435,Marta,Yitzhak,myitzhakc2@redcross.org,$119161.56
436,Orrin,Allmann,oallmannc3@bloglovin.com,$34222.81
437,Amerigo,Hammett,ahammettc4@hubpages.com,$96095.64
438,Sydelle,Chimes,schimesc5@yandex.ru,$110984.23
439,Arden,Eby,aebyc6@cbsnews.com,$26259.08
440,Frans,de Marco,fdemarcoc7@google.cn,$26076.77
441,Simonne,Lukasen,slukasenc8@scientificamerican.com,$68808.23
442,Lucie,Korn,lkornc9@ucoz.ru,$77536.07
443,Harvey,Swyer,hswyerca@webmd.com,$33835.45
444,Conny,Arundel,carundelcb@examiner.com,$114763.04
445,Brear,Samper,bsampercc@mit.edu,$109210.29
446,Abbott,Flack,aflackcd@geocities.com,$20739.09
447,Carla,Crosland,ccroslandce@sun.com,$54239.48
448,Grethel,Tingly,gtinglycf@mysql.com,$51128.51
449,Jereme,Cattermole,jcattermolecg@netscape.com,$95376.86
450,Demetri,Springate,dspringatech@princeton.edu,$114579.27
451,Petey,Seeley,pseeleyci@hexun.com,$54616.47
452,Aidan,Greenley,agreenleycj@hexun.com,$74541.84
453,Lewes,McAlindon,lmcalindonck@youku.com,$50001.05
454,Thedric,Paddell,tpaddellcl@scribd.com,$36660.35
455,Elfrida,McNeice,emcneicecm@ebay.co.uk,$38758.36
456,Bradford,MacGlory,bmacglorycn@cloudflare.com,$50707.34
457,Brandea,MacEnelly,bmacenellyco@netlog.com,$85048.66
458,Walker,Curnok,wcurnokcp@redcross.org,$100714.96
459,Sharon,McGuire,smcguirecq@friendfeed.com,$99100.41
460,Early,Bladon,ebladoncr@aol.com,$89905.19
461,Lorrie,Cripwell,lcripwellcs@rakuten.co.jp,$91070.62
462,Ferd,Henbury,fhenburyct@mlb.com,$97540.58
463,Winni,Joslow,wjoslowcu@google.ru,$86247.32
464,Julienne,Dempsey,jdempseycv@timesonline.co.uk,$118662.74
465,Trude,Snowdon,tsnowdoncw@loc.gov,$67141.07
466,Giff,Ollive,gollivecx@washington.edu,$116176.61
467,Doris,Cadell,dcadellcy@ehow.com,$100650.92
468,Gery,McAw,gmcawcz@fda.gov,$75471.32
469,Michaella,Axtens,maxtensd0@blogspot.com,$63447.28
470,Normy,Astlett,nastlettd1@live.com,$86787.62
471,Alexandros,Havik,ahavikd2@elegantthemes.com,$57837.46
472,Marisa,Haukey,mhaukeyd3@fc2.com,$51402.15
473,Cointon,Harcase,charcased4@sbwire.com,$50982.05
474,Odelinda,Bhatia,obhatiad5@netscape.com,$56667.05
475,Wye,Skinley,wskinleyd6@yolasite.com,$88714.70
476,Carlen,Kitto,ckittod7@ihg.com,$29988.03
477,Elizabeth,McNalley,emcnalleyd8@army.mil,$69421.14
478,Amity,Duffield,aduffieldd9@forbes.com,$37565.65
479,Merline,Harrington,mharringtonda@google.ru,$55874.98
480,Obadias,Clash,oclashdb@exblog.jp,$57570.69
481,Wilek,Nowick,wnowickdc@photobucket.com,$65648.51
482,Patin,Peetermann,ppeetermanndd@lycos.com,$60511.16
483,Georgetta,Canny,gcannyde@wikipedia.org,$100526.85
484,Lauralee,McOwan,lmcowandf@sciencedaily.com,$82598.59
485,Tan,Townsend,ttownsenddg@sourceforge.net,$59120.66
486,Ree,MacDonell,rmacdonelldh@bandcamp.com,$52630.32
487,Gavin,Bravington,gbravingtondi@latimes.com,$101894.13
488,Dunc,Fidal,dfidaldj@tinyurl.com,$76740.36
489,Cyril,Farquarson,cfarquarsondk@google.com.hk,$77704.49
490,Evvy,Stalf,estalfdl@merriam-webster.com,$81692.34
491,Lexis,Grishakin,lgrishakindm@google.com.hk,$116228.74
492,Garek,Gutsell,ggutselldn@quantcast.com,$62210.68
493,Kippy,Defond,kdefonddo@de.vu,$94010.89
494,Chelsey,Carme,ccarmedp@wired.com,$69244.53
495,Nestor,Fronzek,nfronzekdq@opera.com,$57526.91
496,Annabela,Bettleson,abettlesondr@amazon.de,$64650.32
497,Wes,Younie,wyounieds@jugem.jp,$92928.52
498,Adair,Bickerdyke,abickerdykedt@is.gd,$79943.88
499,Molly,Penna,mpennadu@live.com,$38433.47
500,Pier,Lieber,plieberdv@howstuffworks.com,$65630.90
501,Alane,Durman,adurmandw@ocn.ne.jp,$33641.46
502,Ric,Philippon,rphilippondx@histats.com,$64855.38
503,Bartholomew,Minigo,bminigody@sbwire.com,$60925.54
504,Hannie,Wem,hwemdz@disqus.com,$30984.27
505,Mira,Read,mreade0@myspace.com,$56326.10
506,Rosalind,Vettore,rvettoree1@cmu.edu,$104689.50
507,Darius,Ferencz,dferencze2@loc.gov,$101269.89
508,Caro,Scheffler,cschefflere3@ning.com,$91515.82
509,Beck,Hopewell,bhopewelle4@plala.or.jp,$93916.93
510,Petra,Cutting,pcuttinge5@sogou.com,$114086.28
511,Melonie,Conrad,mconrade6@umn.edu,$96406.72
512,Magdalena,Stockport,mstockporte7@github.io,$62654.90
513,Nettie,Battin,nbattine8@moonfruit.com,$75980.28
514,Sylvester,Fost,sfoste9@whitehouse.gov,$98274.70
515,Belita,Halkyard,bhalkyardea@indiatimes.com,$71157.17
516,Anastassia,Gricks,agrickseb@youku.com,$107898.00
517,Naoma,Pallesen,npallesenec@youtube.com,$29252.09
518,Wilfred,Valasek,wvalaseked@lulu.com,$57445.79
519,Rodd,Bauldry,rbauldryee@spiegel.de,$92549.57
520,Zaccaria,Meller,zmelleref@china.com.cn,$86550.29
521,Sammy,Renshell,srenshelleg@about.com,$94767.90
522,Carena,Harbertson,charbertsoneh@statcounter.com,$102240.67
523,Allyn,Sinderland,asinderlandei@merriam-webster.com,$78635.96
524,Raffarty,Do,rdoej@phoca.cz,$46920.26
525,Ardyth,Gosart,agosartek@zimbio.com,$88996.20
526,Joby,Chesworth,jchesworthel@zimbio.com,$87234.49
527,Gaspar,Connor,gconnorem@state.tx.us,$51343.82
528,Lynne,Tavener,ltaveneren@yandex.ru,$60361.08
529,Julian,Lindborg,jlindborgeo@prlog.org,$116382.43
530,Adolphus,Crummy,acrummyep@mediafire.com,$108638.03
531,Aubert,Barbrick,abarbrickeq@topsy.com,$37680.20
532,Ajay,Alu,aaluer@sciencedaily.com,$33060.36
533,Hermann,Spears,hspearses@wufoo.com,$45281.38
534,Quinlan,Maystone,qmaystoneet@amazon.co.jp,$30515.31
535,Carlin,McCrackem,cmccrackemeu@sina.com.cn,$79578.92
536,Simone,Moore,smooreev@quantcast.com,$81008.53
537,Patti,Bax,pbaxew@answers.com,$114029.39
538,Inga,MacKaig,imackaigex@dedecms.com,$37320.35
539,Opaline,Lorentz,olorentzey@infoseek.co.jp,$39070.78
540,Gregorio,Creser,gcreserez@census.gov,$20734.96
541,Porty,Huygen,phuygenf0@jigsy.com,$117652.13
542,Angelina,Ganiford,aganifordf1@diigo.com,$93476.36
543,Selina,Kalkhoven,skalkhovenf2@google.it,$76413.27
544,Rica,Dunn,rdunnf3@theglobeandmail.com,$50416.31
545,Chevy,Kennerknecht,ckennerknechtf4@flavors.me,$21743.86
546,Malvina,Westgate,mwestgatef5@wufoo.com,$31745.54
547,Pierre,Kulver,pkulverf6@google.fr,$29139.77
548,Grace,Loudiane,gloudianef7@bbb.org,$35249.02
549,Elianora,Hundal,ehundalf8@gnu.org,$81106.68
550,Ange,Everest,aeverestf9@ox.ac.uk,$113406.47
551,Tomas,Hazell,thazellfa@nbcnews.com,$58890.43
552,Donni,Saura,dsaurafb@ox.ac.uk,$89061.28
553,Romona,Absolom,rabsolomfc@spotify.com,$51594.14
554,Rickie,Baus,rbausfd@epa.gov,$113779.66
555,Kass,Aleixo,kaleixofe@earthlink.net,$40191.35
556,Hillary,Stelli,hstelliff@theatlantic.com,$106492.69
557,Laurene,Pietersen,lpietersenfg@guardian.co.uk,$22991.28
558,Corella,Leythley,cleythleyfh@miitbeian.gov.cn,$99182.85
559,Raul,Cronchey,rcroncheyfi@freewebs.com,$81528.91
560,Nowell,Headford,nheadfordfj@vinaora.com,$75655.80
561,Trudy,Laudham,tlaudhamfk@ameblo.jp,$84842.91
562,Inge,Stachini,istachinifl@sourceforge.net,$48478.78
563,Elmore,Brumbie,ebrumbiefm@forbes.com,$56325.57
564,Kitty,Fairlem,kfairlemfn@stanford.edu,$104099.67
565,Christel,Gordon,cgordonfo@ning.com,$95808.28
566,Wilfred,Imlacke,wimlackefp@tumblr.com,$74043.10
567,Pepillo,Reah,preahfq@state.tx.us,$95096.76
568,Datha,Farrant,dfarrantfr@chicagotribune.com,$111169.09
569,Shane,Vicent,svicentfs@geocities.com,$108027.79
570,Robby,Freiberg,rfreibergft@redcross.org,$117575.07
571,Lezlie,Roggers,lroggersfu@amazon.co.jp,$92725.57
572,Joana,Feasley,jfeasleyfv@aol.com,$86559.14
573,Bartholomeus,Pyford,bpyfordfw@posterous.com,$86273.79
574,Willey,Vaud,wvaudfx@fema.gov,$36796.84
575,Wendi,Cordeix,wcordeixfy@artisteer.com,$21059.61
576,Winthrop,Belfrage,wbelfragefz@plala.or.jp,$60725.26
577,Lind,Izsak,lizsakg0@eepurl.com,$44620.14
578,Grantham,Loker,glokerg1@deliciousdays.com,$30474.97
579,Ambrose,Morfett,amorfettg2@reverbnation.com,$41631.05
580,Ingram,Titchen,ititcheng3@constantcontact.com,$48988.64
581,Channa,Soutter,csoutterg4@wufoo.com,$63950.56
582,Leland,Bernade,lbernadeg5@drupal.org,$39260.80
583,Cliff,Stirtle,cstirtleg6@alibaba.com,$107002.09
584,Ariadne,Strangwood,astrangwoodg7@yahoo.co.jp,$96469.78
585,Mark,Winslet,mwinsletg8@bandcamp.com,$108490.48
586,Brandtr,Lankham,blankhamg9@macromedia.com,$96845.11
587,Ingelbert,Huonic,ihuonicga@free.fr,$29655.34
588,Caria,Milland,cmillandgb@dropbox.com,$78970.20
589,Jedidiah,Stoner,jstonergc@ehow.com,$117246.29
590,Marysa,Giorgini,mgiorginigd@wsj.com,$51564.15
591,Land,Crafter,lcrafterge@cnet.com,$62026.10
592,Reeba,Bottini,rbottinigf@fc2.com,$34895.49
593,Fernando,Povlsen,fpovlsengg@sbwire.com,$84126.05
594,Eulalie,Collumbine,ecollumbinegh@trellian.com,$34328.78
595,Malissia,Atherton,mathertongi@home.pl,$94776.74
596,Collette,Schrir,cschrirgj@rambler.ru,$36490.77
597,Nora,Pitkeathley,npitkeathleygk@diigo.com,$43039.55
598,Sarina,Gaynesford,sgaynesfordgl@eepurl.com,$83573.61
599,Nedi,Kinson,nkinsongm@army.mil,$55116.20
600,Josiah,Snowling,jsnowlinggn@ed.gov,$90278.34
601,Marris,Squelch,msquelchgo@shinystat.com,$21072.45
602,Richy,Saddington,rsaddingtongp@jigsy.com,$61058.48
603,Jacinta,Andrejevic,jandrejevicgq@go.com,$100881.57
604,Shaina,Saltsberger,ssaltsbergergr@cloudflare.com,$33650.47
605,Kaile,Andras,kandrasgs@mozilla.org,$118098.95
606,Ajay,Gorwood,agorwoodgt@cmu.edu,$115337.66
607,Brenden,Jentle,bjentlegu@tripadvisor.com,$109838.00
608,Melva,Jacobowicz,mjacobowiczgv@zimbio.com,$89070.20
609,Fin,Fowlestone,ffowlestonegw@boston.com,$55903.25
610,Durant,Barnsdall,dbarnsdallgx@washington.edu,$91511.62
611,Ericka,Redish,eredishgy@ucoz.ru,$45164.87
612,Hort,Gilbert,hgilbertgz@jalbum.net,$46483.99
613,Querida,Creelman,qcreelmanh0@hatena.ne.jp,$74311.60
614,Daryn,Gwillym,dgwillymh1@si.edu,$30429.43
615,Bengt,Gensavage,bgensavageh2@yelp.com,$38658.35
616,Conrade,Scranny,cscrannyh3@blogtalkradio.com,$118700.49
617,Michel,Barck,mbarckh4@istockphoto.com,$68638.95
618,Brandice,Cubbinelli,bcubbinellih5@yandex.ru,$95112.96
619,Philomena,Burmaster,pburmasterh6@stanford.edu,$67042.18
620,Durand,Willoughway,dwilloughwayh7@newyorker.com,$104013.26
621,Fielding,Curle,fcurleh8@mysql.com,$60850.88
622,Hurlee,Davydzenko,hdavydzenkoh9@examiner.com,$76558.36
623,Juli,Footer,jfooterha@psu.edu,$104770.34
624,Ignace,Franc,ifranchb@ameblo.jp,$115499.99
625,Far,MacKintosh,fmackintoshhc@reference.com,$93749.05
626,Lilyan,Anderer,landererhd@jalbum.net,$101721.73
627,Ines,Cardello,icardellohe@tmall.com,$29214.36
628,Julie,Swannick,jswannickhf@livejournal.com,$31578.77
629,Casper,Abelovitz,cabelovitzhg@ox.ac.uk,$105138.30
630,Niels,O' Flaherty,noflahertyhh@google.com.au,$71880.97
631,Alexandra,Haddock,ahaddockhi@stumbleupon.com,$85162.96
632,Bebe,Jouhandeau,bjouhandeauhj@prnewswire.com,$96121.48
633,Biddy,Bohea,bboheahk@umn.edu,$112794.09
634,Maurita,Jentin,mjentinhl@smh.com.au,$45280.46
635,Pierre,Leneham,plenehamhm@desdev.cn,$100327.89
636,Andrus,Possel,aposselhn@webmd.com,$21454.39
637,Charlot,Jezzard,cjezzardho@kickstarter.com,$97842.39
638,Kiel,Haughton,khaughtonhp@xrea.com,$94077.62
639,Emmalynne,Andree,eandreehq@drupal.org,$60017.12
640,Mignon,McElwee,mmcelweehr@mapy.cz,$47885.95
641,Sullivan,Oehme,soehmehs@amazon.co.uk,$65291.29
642,Fanechka,Smelley,fsmelleyht@unicef.org,$80597.10
643,Richmond,Andrag,randraghu@geocities.jp,$67362.79
644,Nappy,Rolfe,nrolfehv@businessinsider.com,$108516.09
645,Ailsun,Basant,abasanthw@scientificamerican.com,$60524.48
646,Aurilia,Axon,aaxonhx@berkeley.edu,$20141.47
647,Greer,Wace,gwacehy@zdnet.com,$64880.78
648,Sylvia,Lief,sliefhz@usda.gov,$108388.63
649,Brewster,Stirton,bstirtoni0@themeforest.net,$61642.62
650,Karyl,Origan,korigani1@thetimes.co.uk,$96000.07
651,Tobe,Rance,trancei2@tinyurl.com,$112750.28
652,Adriana,Jacobowits,ajacobowitsi3@rambler.ru,$34499.81
653,Chelsae,Breming,cbremingi4@jiathis.com,$45768.10
654,Larissa,Bohlje,lbohljei5@nasa.gov,$58716.53
655,Filberte,Farfoot,ffarfooti6@epa.gov,$41646.97
656,Alexis,Twydell,atwydelli7@wix.com,$104437.16
657,Dacy,Fantham,dfanthami8@netvibes.com,$103412.40
658,Donavon,Lomasna,dlomasnai9@gmpg.org,$108612.69
659,Alphonso,Allum,aallumia@boston.com,$39248.68
660,Ira,Popplewell,ipopplewellib@mysql.com,$105865.59
661,Shadow,Rodder,srodderic@theatlantic.com,$83576.40
662,Herta,Cleft,hcleftid@netvibes.com,$67566.50
663,Geoffry,Heineking,gheinekingie@cbsnews.com,$112296.84
664,Rodrique,Taig,rtaigif@craigslist.org,$108499.87
665,Nehemiah,Freer,nfreerig@zimbio.com,$114116.25
666,Fielding,Pordall,fpordallih@nymag.com,$21952.48
667,Roy,Seedhouse,rseedhouseii@google.it,$63699.52
668,Gan,Maria,gmariaij@facebook.com,$44644.11
669,Essy,Letessier,eletessierik@cyberchimps.com,$108943.47
670,Harmon,Braybrook,hbraybrookil@exblog.jp,$90016.66
671,Nikolos,Phebey,nphebeyim@squidoo.com,$56427.95
672,Ninetta,Sammars,nsammarsin@gov.uk,$84905.70
673,Sebastien,Engall,sengallio@wiley.com,$35573.24
674,Cari,Rochford,crochfordip@xing.com,$68560.53
675,Lon,Spir,lspiriq@com.com,$72444.67
676,Joseph,Ayling,jaylingir@oracle.com,$112415.23
677,Lydie,Tolliday,ltollidayis@blogspot.com,$88301.52
678,Freddy,Erickssen,ferickssenit@cdc.gov,$31530.77
679,Debby,Juzek,djuzekiu@tuttocitta.it,$30891.12
680,Jeri,Gwillim,jgwillimiv@yellowbook.com,$92726.01
681,Shantee,Surcombe,ssurcombeiw@csmonitor.com,$46890.99
682,Irvin,Cardus,icardusix@acquirethisname.com,$49864.53
683,Ogdan,Salvatore,osalvatoreiy@scribd.com,$45223.21
684,Alameda,Nixon,anixoniz@spotify.com,$81799.91
685,Camel,Pizzey,cpizzeyj0@army.mil,$31655.51
686,Ramsay,Batt,rbattj1@elegantthemes.com,$26859.75
687,Andie,Hazeldene,ahazeldenej2@xing.com,$34614.50
688,Kirby,Pavic,kpavicj3@instagram.com,$111770.97
689,Ambur,Clemmensen,aclemmensenj4@loc.gov,$35707.25
690,Lavina,Vaar,lvaarj5@dmoz.org,$41859.72
691,Rosina,Lombardo,rlombardoj6@bizjournals.com,$96081.94
692,Vonni,Verty,vvertyj7@cnn.com,$71923.68
693,Alina,Kehir,akehirj8@ocn.ne.jp,$81042.10
694,Nealy,Iacovolo,niacovoloj9@joomla.org,$59229.10
695,Rorke,Banting,rbantingja@163.com,$83152.36
696,Jeremiah,Salling,jsallingjb@livejournal.com,$56459.41
697,Hilton,Brackpool,hbrackpooljc@yahoo.com,$97728.53
698,Percy,Kevis,pkevisjd@noaa.gov,$75031.68
699,Reinaldo,Wharrier,rwharrierje@ehow.com,$54245.58
700,Angela,Sewter,asewterjf@scientificamerican.com,$51438.93
701,Kelbee,Bendixen,kbendixenjg@goo.gl,$70507.37
702,Nancie,Cawthery,ncawtheryjh@webmd.com,$29152.55
703,Karlotta,Trickey,ktrickeyji@cnn.com,$67322.89
704,Marcello,Mulqueeny,mmulqueenyjj@4shared.com,$80518.70
705,Jessica,Pont,jpontjk@home.pl,$86369.81
706,Jacinthe,Darling,jdarlingjl@twitpic.com,$52388.16
707,Barthel,Cluse,bclusejm@epa.gov,$102202.50
708,Faina,Mixworthy,fmixworthyjn@wunderground.com,$43958.13
709,Bartram,Burrett,bburrettjo@cyberchimps.com,$26413.80
710,Giavani,O'Dowling,godowlingjp@creativecommons.org,$23871.40
711,Mario,Monnoyer,mmonnoyerjq@sciencedirect.com,$51062.62
712,Nike,Oblein,nobleinjr@wunderground.com,$119343.92
713,Terencio,Templar,ttemplarjs@howstuffworks.com,$94078.79
714,Delores,Malsher,dmalsherjt@reddit.com,$112986.82
715,Elton,Fibbit,efibbitju@cafepress.com,$116135.67
716,Harlin,Pineaux,hpineauxjv@blinklist.com,$79094.28
717,Shay,Harriott,sharriottjw@eventbrite.com,$33317.08
718,Susan,Beetham,sbeethamjx@tamu.edu,$108509.25
719,Rani,McKaile,rmckailejy@jugem.jp,$76846.64
720,John,Pevie,jpeviejz@cnn.com,$111824.00
721,Lilia,Szepe,lszepek0@moonfruit.com,$21250.62
722,Leena,Britcher,lbritcherk1@nba.com,$25752.77
723,Sherwood,Mucklo,smucklok2@multiply.com,$62699.44
724,Dorian,Thunders,dthundersk3@google.ca,$35897.82
725,Evaleen,Bodega,ebodegak4@icq.com,$35076.61
726,Ann-marie,Alderwick,aalderwickk5@163.com,$50973.02
727,Bartlett,Campanelle,bcampanellek6@timesonline.co.uk,$117399.92
728,Conni,Stitle,cstitlek7@archive.org,$109660.50
729,Clementia,MattiCCI,cmatticcik8@columbia.edu,$61648.28
730,Cammy,Darte,cdartek9@narod.ru,$85071.99
731,Godwin,Olfert,golfertka@tiny.cc,$44509.03
732,Angeline,Whiteson,awhitesonkb@elpais.com,$95061.04
733,Arlen,Gillford,agillfordkc@spotify.com,$25210.73
734,Nicolette,Grange,ngrangekd@merriam-webster.com,$70242.76
735,Fitz,Jersh,fjershke@nyu.edu,$26167.99
736,Elmore,Loines,eloineskf@bravesites.com,$118392.45
737,Patrick,O'Riordan,poriordankg@nba.com,$83250.01
738,Minda,Kasbye,mkasbyekh@mozilla.com,$105840.88
739,Philomena,Bartozzi,pbartozziki@moonfruit.com,$60807.92
740,Archaimbaud,Purple,apurplekj@privacy.gov.au,$78889.53
741,Fanya,Hollingsby,fhollingsbykk@amazon.co.uk,$115066.77
742,Brande,Plank,bplankkl@4shared.com,$22506.22
743,Leonardo,Heak,lheakkm@gmpg.org,$31085.68
744,Christal,Gumby,cgumbykn@ed.gov,$102890.78
745,Allin,Ashborn,aashbornko@chron.com,$26301.58
746,York,Hadeke,yhadekekp@infoseek.co.jp,$82653.32
747,Stefa,Spargo,sspargokq@nbcnews.com,$62359.47
748,Doralin,Chaffin,dchaffinkr@youtube.com,$27835.63
749,Malvin,Pendall,mpendallks@mediafire.com,$54182.12
750,Tracey,Dunkerley,tdunkerleykt@engadget.com,$68471.38
751,Bartholomew,Corrison,bcorrisonku@pagesperso-orange.fr,$29906.75
752,Davidson,Germann,dgermannkv@google.nl,$115666.78
753,Jourdain,Dyster,jdysterkw@360.cn,$35515.19
754,Durant,Lomasney,dlomasneykx@tmall.com,$67867.95
755,Joyann,Paviour,jpaviourky@purevolume.com,$61228.37
756,Beth,Will,bwillkz@google.co.jp,$101170.76
757,Urban,Warde,uwardel0@csmonitor.com,$56866.57
758,Dallas,Duffer,ddufferl1@smh.com.au,$100507.10
759,Ella,Di Giacomettino,edigiacomettinol2@nasa.gov,$90949.58
760,Katy,Ellesworthe,kellesworthel3@amazon.co.uk,$75112.36
761,Ferd,Dmitrievski,fdmitrievskil4@blogspot.com,$103077.29
762,Valma,Westcott,vwestcottl5@cnbc.com,$110707.22
763,Joly,MacKissack,jmackissackl6@ftc.gov,$24040.44
764,Cletus,Peartree,cpeartreel7@sphinn.com,$78221.75
765,Jed,McInteer,jmcinteerl8@umn.edu,$49640.82
766,Alf,Teulier,ateulierl9@clickbank.net,$117028.07
767,Udell,Maben,umabenla@vistaprint.com,$66160.72
768,Barth,Pepis,bpepislb@netlog.com,$81368.15
769,Asa,Marshfield,amarshfieldlc@oaic.gov.au,$57175.56
770,Boigie,Iacovides,biacovidesld@canalblog.com,$86331.80
771,Clementine,Muggleton,cmuggletonle@imageshack.us,$89894.68
772,Clayborne,Cuningham,ccuninghamlf@slideshare.net,$93449.87
773,Alane,Sinnock,asinnocklg@addthis.com,$77383.37
774,Jaymee,Abell,jabelllh@slideshare.net,$38083.88
775,Shaun,Aylmer,saylmerli@ning.com,$118796.68
776,Jodie,Purshouse,jpurshouselj@bloomberg.com,$97636.14
777,Katalin,Tanti,ktantilk@intel.com,$52366.87
778,Brigitta,Warrillow,bwarrillowll@businessweek.com,$83330.45
779,Wilbur,Bendall,wbendalllm@people.com.cn,$95474.15
780,Petronilla,O'Geaney,pogeaneyln@tiny.cc,$63604.75
781,Thaine,Messer,tmesserlo@ocn.ne.jp,$56348.15
782,Odessa,Androli,oandrolilp@gravatar.com,$35925.27
783,Thadeus,Galilee,tgalileelq@wisc.edu,$102953.47
784,Jean,Scrammage,jscrammagelr@ucoz.ru,$104809.76
785,Belva,Crossthwaite,bcrossthwaitels@biblegateway.com,$70890.69
786,Allis,Deavin,adeavinlt@wsj.com,$90596.68
787,Bev,MacRitchie,bmacritchielu@rakuten.co.jp,$23495.31
788,Delaney,Walewicz,dwalewiczlv@tuttocitta.it,$118367.34
789,Dulcinea,Rampling,dramplinglw@va.gov,$66214.58
790,Florrie,Kenneway,fkennewaylx@army.mil,$68753.69
791,Thalia,Pearman,tpearmanly@chicagotribune.com,$59119.59
792,Enid,Bradnocke,ebradnockelz@51.la,$64740.57
793,Kari,Foystone,kfoystonem0@hostgator.com,$65700.69
794,Rollin,Vanne,rvannem1@macromedia.com,$95520.00
795,Martina,Mardee,mmardeem2@friendfeed.com,$90080.68
796,Zilvia,Dutson,zdutsonm3@hhs.gov,$107157.11
797,Nerty,Allso,nallsom4@cnbc.com,$91409.09
798,Garner,Cumber,gcumberm5@amazon.com,$81410.40
799,Anett,Willcot,awillcotm6@github.com,$38750.52
800,Hercules,Benito,hbenitom7@myspace.com,$109205.77
801,Chicky,Wedgbrow,cwedgbrowm8@angelfire.com,$23364.45
802,Friederike,Sygrove,fsygrovem9@chicagotribune.com,$77814.39
803,Wally,Uzielli,wuziellima@joomla.org,$45546.70
804,Filide,Collard,fcollardmb@eventbrite.com,$69160.34
805,Marc,Morby,mmorbymc@dagondesign.com,$98616.45
806,Alleen,Merwe,amerwemd@opensource.org,$97887.55
807,Dido,Harrill,dharrillme@guardian.co.uk,$78320.78
808,Rosalind,Spofford,rspoffordmf@fc2.com,$115583.91
809,Aloisia,Finneran,afinneranmg@jiathis.com,$32086.21
810,Belia,Esson,bessonmh@lycos.com,$51235.44
811,Gian,Gledhill,ggledhillmi@hubpages.com,$108445.31
812,Elli,Hubner,ehubnermj@infoseek.co.jp,$114153.34
813,Sutherlan,Nappin,snappinmk@ox.ac.uk,$51794.10
814,Bernadina,Thornton-Dewhirst,bthorntondewhirstml@hp.com,$62646.59
815,Nahum,Gower,ngowermm@time.com,$60590.36
816,Catie,Brettoner,cbrettonermn@tmall.com,$97277.12
817,Julietta,Ummfrey,jummfreymo@oakley.com,$58662.30
818,Hans,Munnery,hmunnerymp@nature.com,$29130.32
819,Brod,Parres,bparresmq@dyndns.org,$26973.77
820,Emmery,Otterwell,eotterwellmr@yandex.ru,$38482.30
821,Dreddy,Creane,dcreanems@un.org,$24907.89
822,Mark,Oakey,moakeymt@nhs.uk,$35759.13
823,Ebba,Gorrick,egorrickmu@hc360.com,$74307.80
824,Cy,Drury,cdrurymv@goo.ne.jp,$55055.87
825,Caye,Craigg,ccraiggmw@histats.com,$96075.92
826,Deeann,Kuhnke,dkuhnkemx@4shared.com,$90450.96
827,Bertha,Ackery,backerymy@umich.edu,$113049.03
828,Odella,Hollebon,ohollebonmz@kickstarter.com,$32254.92
829,Wyndham,Renad,wrenadn0@163.com,$49993.88
830,Conant,Josipovitz,cjosipovitzn1@alibaba.com,$114265.24
831,Andros,Blackbrough,ablackbroughn2@bravesites.com,$119063.79
832,Damien,Jugging,djuggingn3@stumbleupon.com,$72911.72
833,Paulina,Bresnahan,pbresnahann4@biblegateway.com,$87577.93
834,Spense,Fairney,sfairneyn5@homestead.com,$88810.53
835,Beltran,Kunc,bkuncn6@admin.ch,$30395.54
836,Evan,Gallemore,egallemoren7@apple.com,$56971.22
837,Bambi,MacInnes,bmacinnesn8@cnbc.com,$59060.33
838,Mead,Haskur,mhaskurn9@nationalgeographic.com,$88691.43
839,Arel,Lewknor,alewknorna@google.com.br,$80327.59
840,Marcellina,Emson,memsonnb@hud.gov,$29574.41
841,Karilynn,Janz,kjanznc@jalbum.net,$117008.83
842,Jone,Boyford,jboyfordnd@mtv.com,$26233.72
843,Isiahi,Sharma,isharmane@g.co,$100152.12
844,Eba,Sillars,esillarsnf@yellowpages.com,$30675.96
845,Cristian,Pury,cpuryng@adobe.com,$78790.52
846,Marsiella,Chavez,mchaveznh@sphinn.com,$91589.22
847,Tadeo,Summergill,tsummergillni@washingtonpost.com,$105104.27
848,Mel,Wagstaff,mwagstaffnj@fda.gov,$73486.23
849,Bobbe,Fitzhenry,bfitzhenrynk@sphinn.com,$85040.86
850,Demeter,O'Keeffe,dokeeffenl@yellowpages.com,$112208.71
851,Virgilio,Dunne,vdunnenm@photobucket.com,$92256.15
852,Corrie,Bim,cbimnn@addthis.com,$82501.87
853,Katherina,Knewstubb,kknewstubbno@un.org,$27161.20
854,Tan,Errington,terringtonnp@dropbox.com,$31533.13
855,Bax,Monkleigh,bmonkleighnq@w3.org,$76431.35
856,Lilas,Goolding,lgooldingnr@cyberchimps.com,$80888.53
857,Herculie,Trayte,htraytens@live.com,$118254.20
858,Tami,Couvet,tcouvetnt@etsy.com,$26620.18
859,Patty,Natwick,pnatwicknu@woothemes.com,$117922.57
860,Dyana,Casel,dcaselnv@goo.gl,$114700.64
861,Kylie,Durnin,kdurninnw@jiathis.com,$79219.03
862,Willette,Heaney,wheaneynx@who.int,$45799.89
863,Dorelia,MacPhail,dmacphailny@washingtonpost.com,$32362.21
864,Marnia,Howchin,mhowchinnz@parallels.com,$53021.19
865,Ellie,Illwell,eillwello0@marketwatch.com,$74171.10
866,Blondy,Hellings,bhellingso1@google.es,$107899.52
867,Bobby,Nevitt,bnevitto2@nature.com,$119186.44
868,Jayme,Lafrentz,jlafrentzo3@clickbank.net,$77658.87
869,Keen,Dockwra,kdockwrao4@miibeian.gov.cn,$71656.23
870,Marlane,Coulman,mcoulmano5@homestead.com,$115305.78
871,Anselma,Kitchingman,akitchingmano6@macromedia.com,$76266.99
872,Torrie,Prine,tprineo7@upenn.edu,$69536.31
873,Klement,Grinyakin,kgrinyakino8@yahoo.co.jp,$65956.28
874,Mahmoud,Doring,mdoringo9@bloglovin.com,$72436.05
875,Emylee,Welbourn,ewelbournoa@cbc.ca,$105425.23
876,Marcellina,Medford,mmedfordob@issuu.com,$118517.50
877,Madelle,Gavrielli,mgavriellioc@discuz.net,$39996.23
878,Lazar,Tingey,ltingeyod@paypal.com,$78510.15
879,Lutero,Kilgour,lkilgouroe@prnewswire.com,$55893.24
880,Grenville,Holstein,gholsteinof@house.gov,$82674.53
881,Florri,Mallebone,fmalleboneog@toplist.cz,$114411.07
882,Ambros,Gerriet,agerrietoh@g.co,$27259.45
883,Norrie,Iacapucci,niacapuccioi@purevolume.com,$100307.99
884,Cary,Naisbitt,cnaisbittoj@disqus.com,$54601.73
885,Stefania,Shillinglaw,sshillinglawok@loc.gov,$89972.06
886,Hillyer,Stapford,hstapfordol@bing.com,$85201.20
887,Augusta,Macklam,amacklamom@live.com,$45174.31
888,Matelda,Spellecy,mspellecyon@reuters.com,$45022.36
889,Sada,Flaxman,sflaxmanoo@wufoo.com,$86628.33
890,Bobbi,Little,blittleop@pinterest.com,$64273.99
891,Francyne,Leyzell,fleyzelloq@thetimes.co.uk,$82368.63
892,Ebonee,Hewins,ehewinsor@booking.com,$65703.82
893,Edvard,McTrustey,emctrusteyos@tripod.com,$48595.31
894,Goldarina,MacKnight,gmacknightot@sun.com,$25034.63
895,Kirby,Grichukhin,kgrichukhinou@cocolog-nifty.com,$107416.78
896,Hester,Starford,hstarfordov@123-reg.co.uk,$32214.36
897,Darin,Hand,dhandow@istockphoto.com,$77283.50
898,Parrnell,Snelling,psnellingox@blogspot.com,$88879.49
899,Spenser,Kas,skasoy@studiopress.com,$35200.01
900,Kassey,Durrad,kdurradoz@forbes.com,$118421.36
901,Curry,Kunisch,ckunischp0@t.co,$90469.50
902,Gianina,Elliker,gellikerp1@yahoo.com,$63337.29
903,Jorey,Sambals,jsambalsp2@un.org,$72262.83
904,Melisenda,Dougan,mdouganp3@tumblr.com,$58681.58
905,Felice,Raspin,fraspinp4@soup.io,$30630.56
906,Robinia,Boss,rbossp5@msu.edu,$98568.00
907,John,Jaouen,jjaouenp6@weebly.com,$99965.45
908,Elisabeth,Symcox,esymcoxp7@ifeng.com,$59227.68
909,Ferdy,Leisman,fleismanp8@unblog.fr,$89951.19
910,Shena,Roydon,sroydonp9@bizjournals.com,$50589.48
911,Madlin,Spark,msparkpa@barnesandnoble.com,$88718.77
912,Walsh,Wardroper,wwardroperpb@google.cn,$100080.04
913,Oralla,Bendel,obendelpc@hubpages.com,$63371.27
914,Perry,Redborn,predbornpd@bbc.co.uk,$88156.17
915,Aluin,Holtom,aholtompe@icio.us,$104018.12
916,Alma,Kohter,akohterpf@chicagotribune.com,$28309.89
917,Martie,Oury,mourypg@wiley.com,$104970.75
918,Tristam,Belshaw,tbelshawph@ehow.com,$112528.98
919,Malia,Ricoald,mricoaldpi@businessweek.com,$102995.84
920,Bentlee,Shrive,bshrivepj@ocn.ne.jp,$22633.16
921,Cozmo,Pettie,cpettiepk@cornell.edu,$102158.48
922,Sacha,Spyby,sspybypl@devhub.com,$84618.02
923,Teena,Pelcheur,tpelcheurpm@mapy.cz,$56057.12
924,Wilton,Gogarty,wgogartypn@wp.com,$93326.81
925,Ransell,Zanazzi,rzanazzipo@last.fm,$20743.27
926,Nestor,Piggot,npiggotpp@prnewswire.com,$21847.24
927,Gloriane,Abyss,gabysspq@instagram.com,$110206.09
928,Archibaldo,O'Tuohy,aotuohypr@indiatimes.com,$22386.45
929,Katinka,Weightman,kweightmanps@timesonline.co.uk,$81554.18
930,Ludovico,Regi,lregipt@mac.com,$100731.36
931,Fitzgerald,Richel,frichelpu@bloglines.com,$67853.91
932,Cecilio,Saffon,csaffonpv@apache.org,$30431.17
933,Rodd,Klosterman,rklostermanpw@google.de,$99578.05
934,Hyacinthia,Windless,hwindlesspx@flavors.me,$119479.94
935,Llewellyn,Revelle,lrevellepy@eventbrite.com,$109631.87
936,Meggie,Guisby,mguisbypz@shop-pro.jp,$113204.24
937,Mina,Lipp,mlippq0@baidu.com,$106950.92
938,Marjorie,MacCulloch,mmaccullochq1@usa.gov,$53645.71
939,Cecil,Hyndman,chyndmanq2@about.com,$27830.37
940,Yanaton,Davidescu,ydavidescuq3@wsj.com,$98513.82
941,Elwin,Balcock,ebalcockq4@tumblr.com,$31617.96
942,Eirena,Benditt,ebendittq5@themeforest.net,$107044.18
943,Gayler,Stancer,gstancerq6@hatena.ne.jp,$98538.27
944,Jenny,Hallowes,jhallowesq7@microsoft.com,$92795.77
945,Gage,Pippard,gpippardq8@facebook.com,$36992.69
946,Twyla,De Zuani,tdezuaniq9@amazon.de,$37812.87
947,Cathyleen,Parkyns,cparkynsqa@mit.edu,$31658.03
948,Xaviera,Dehm,xdehmqb@un.org,$65193.31
949,Livvyy,Minero,lmineroqc@state.tx.us,$68477.53
950,Marjory,Ruffy,mruffyqd@digg.com,$33604.16
951,Kalindi,Pavyer,kpavyerqe@ameblo.jp,$110070.68
952,Raynard,Adanez,radanezqf@yellowpages.com,$85284.20
953,Easter,Lemin,eleminqg@list-manage.com,$114386.63
954,Jenna,Kempton,jkemptonqh@discuz.net,$49487.00
955,Evin,Cornil,ecornilqi@ox.ac.uk,$52040.16
956,Abigail,Cutriss,acutrissqj@tripadvisor.com,$48125.75
957,Mellicent,Slemming,mslemmingqk@ebay.co.uk,$113862.25
958,Orlando,Lob,olobql@blog.com,$85123.48
959,Ethe,Vignal,evignalqm@examiner.com,$35889.41
960,Elbert,Ladloe,eladloeqn@wsj.com,$28796.10
961,Jarrod,Ebertz,jebertzqo@pcworld.com,$61476.42
962,Ailene,Starsmeare,astarsmeareqp@typepad.com,$51211.54
963,Risa,Von Salzberg,rvonsalzbergqq@go.com,$41054.42
964,Reinald,Uzielli,ruzielliqr@businessweek.com,$110492.57
965,Eva,Rattenberie,erattenberieqs@php.net,$98151.76
966,Bancroft,Linzee,blinzeeqt@domainmarket.com,$50436.95
967,Patric,Mansell,pmansellqu@dagondesign.com,$63605.65
968,Corly,Fillimore,cfillimoreqv@yandex.ru,$84886.53
969,Alexandre,Stailey,astaileyqw@mapy.cz,$74177.97
970,Lionel,Mars,lmarsqx@census.gov,$67450.63
971,Everett,Verdy,everdyqy@icq.com,$72557.82
972,Bryn,Hush,bhushqz@harvard.edu,$96185.76
973,Donni,Gilphillan,dgilphillanr0@ycombinator.com,$103485.58
974,Derrick,Hendrick,dhendrickr1@patch.com,$24337.45
975,Dennet,Iskow,diskowr2@goodreads.com,$51494.03
976,Worthy,Bassom,wbassomr3@meetup.com,$47243.31
977,Jeffy,Matt,jmattr4@desdev.cn,$117486.53
978,Tamarah,Iannazzi,tiannazzir5@skype.com,$29810.18
979,Frasquito,Semens,fsemensr6@cnbc.com,$40754.31
980,Judith,Ballinger,jballingerr7@ucoz.com,$92722.02
981,Agna,Chatell,achatellr8@list-manage.com,$111600.12
982,Alysia,Arniz,aarnizr9@hud.gov,$21383.40
983,Coletta,Cosson,ccossonra@myspace.com,$51108.12
984,Kori,Gentreau,kgentreaurb@instagram.com,$45084.26
985,Kaylyn,Ethridge,kethridgerc@nydailynews.com,$59350.99
986,Adan,Stairmand,astairmandrd@acquirethisname.com,$71668.72
987,Rosabella,Matousek,rmatousekre@creativecommons.org,$71611.81
988,Eliza,Krienke,ekrienkerf@weibo.com,$55751.48
989,Ara,Eliet,aelietrg@bbc.co.uk,$64921.83
990,Willabella,Toffolini,wtoffolinirh@eventbrite.com,$70630.83
991,Arda,Cuseck,acuseckri@tripadvisor.com,$20859.56
992,Josselyn,Trouel,jtrouelrj@ifeng.com,$39805.97
993,Aili,Clitsome,aclitsomerk@163.com,$116091.62
994,Livvie,Troy,ltroyrl@ftc.gov,$51209.68
995,Dinah,Brendish,dbrendishrm@upenn.edu,$76352.50
996,Aldis,Robertsen,arobertsenrn@mapquest.com,$43705.74
997,Elmira,Haughin,ehaughinro@freewebs.com,$29327.24
998,Trista,Cabrara,tcabrararp@behance.net,$79623.04
999,Tod,Gouldsmith,tgouldsmithrq@netscape.com,$82783.39
1000,Margo,Thow,mthowrr@arizona.edu,$47462.38
